Roll,Pitch,Yaw,Alt,Lat,Lng,Category
0.0,0.0,0.0,30.1000003815,49.28357000000001,-123.11502,0
0.0,0.0,0.0,30.1000003815,49.28357000000001,-123.11502,0
0.0,0.0,0.0,30.1000003815,49.28357000000001,-123.11502,0
0.0,0.0,0.0,30.1000003815,49.28357000000001,-123.11502,0
0.0,0.0,0.0,30.1000003815,49.28357000000001,-123.11502,0
0.0,0.0,0.0,30.1000003815,49.28357000000001,-123.11502,0
0.0,0.0,0.0,30.1000003815,49.28357000000001,-123.11502,0
0.0,0.0,0.0,30.1000003815,49.28357000000001,-123.11502,0
0.0,0.0,0.0,30.1000003815,49.28357000000001,-123.11502,0
0.0,0.0,0.0,30.1000003815,49.28357000000001,-123.11502,0
0.0,0.0,0.0,30.1000003815,49.28357000000001,-123.11502,0
0.0,0.0,0.0,30.1000003815,49.28357000000001,-123.11502,0
0.0,0.0,0.0,30.1000003815,49.28357000000001,-123.11502,0
0.0,0.0,0.0,30.1000003815,49.28357000000001,-123.11502,0
0.0,0.0,0.0,30.1000003815,49.28357000000001,-123.11502,0
0.0,0.0,0.0,30.1000003815,49.28357000000001,-123.11502,0
0.0,0.0,0.0,30.1000003815,49.28357000000001,-123.11502,0
0.0,0.0,0.0,30.1000003815,49.28357000000001,-123.11502,0
0.0,0.0,0.0,30.1000003815,49.28357000000001,-123.11502,0
0.0,0.0,0.0,30.1000003815,49.28357000000001,-123.11502,0
0.0,0.0,0.0,30.1000003815,49.28357000000001,-123.11502,0
0.0,0.0,0.0,30.1000003815,49.28357000000001,-123.11502,0
0.0,0.0,0.0,30.1000003815,49.28357000000001,-123.11502,0
0.0,0.0,360.0,30.1000003815,49.28357000000001,-123.11502,0
0.0,0.0,0.0,30.1000003815,49.28357000000001,-123.11502,0
0.0,0.0,360.0,30.1000003815,49.28357000000001,-123.11502,0
0.0,0.0,359.99,30.1000003815,49.28357000000001,-123.11502,0
0.0,0.0,359.99,30.1000003815,49.28357000000001,-123.11502,0
0.0,0.0,359.99,30.1000003815,49.28357000000001,-123.11502,0
0.0,0.0,359.99,30.1000003815,49.28357000000001,-123.11502,0
0.0,0.0,359.99,30.1000003815,49.28357000000001,-123.11502,0
0.0,0.0,359.99,30.1000003815,49.28357000000001,-123.11502,0
0.0,0.0,359.99,30.1100006104,49.28357000000001,-123.11502,0
0.0,0.0,359.99,30.1399993896,49.28357000000001,-123.11502,0
0.0,0.0,359.99,30.170000076300006,49.28357000000001,-123.11502,0
0.0,0.0,359.99,30.2000007629,49.28357000000001,-123.11502,0
-0.09,-0.08,359.99,30.25,49.28357000000001,-123.11502,0
-0.35,-0.35,359.99,30.340000152600002,49.28357000000001,-123.11502,0
-0.62,-0.61,359.99,30.489999771100006,49.28357000000001,-123.11502,0
-0.79,-0.74,359.98,30.6499996185,49.28357000000001,-123.11502,0
-0.81,-0.74,359.97,30.7999992371,49.28357000000001,-123.11502,0
-0.69,-0.63,359.96,30.959999084499998,49.28357000000001,-123.1150201,0
-0.48,-0.44,359.95,31.1100006104,49.2835701,-123.1150202,0
-0.25,-0.24,359.94,31.270000457800002,49.2835701,-123.1150202,0
-0.04,-0.08,359.94,31.440000534099998,49.28357020000001,-123.1150203,0
0.07,0.03,359.93,31.6100006104,49.28357020000001,-123.11502040000002,0
0.1,0.09,359.93,31.790000915500002,49.2835703,-123.1150205,0
0.08,0.11,359.93,31.969999313400002,49.2835703,-123.1150205,0
0.07,0.11,359.94,32.159999847399995,49.2835703,-123.1150206,0
0.07,0.11,359.94,32.3499984741,49.2835703,-123.1150206,0
0.08,0.11,359.94,32.5400009155,49.2835703,-123.1150207,0
0.1,0.13,359.94,32.7299995422,49.2835703,-123.1150207,0
0.12,0.14,359.94,32.9300003052,49.2835704,-123.1150207,0
0.13,0.13,359.94,33.1300010681,49.2835704,-123.11502079999998,0
0.15,0.12,359.94,33.340000152600005,49.2835704,-123.11502079999998,0
0.15,0.12,359.94,33.5400009155,49.2835704,-123.11502079999998,0
0.16,0.13,359.94,33.75,49.2835704,-123.11502079999998,0
0.16,0.13,359.94,33.9599990845,49.2835704,-123.11502079999998,0
0.14,0.12,359.94,34.1699981689,49.2835704,-123.11502079999998,0
0.12,0.11,359.94,34.3800010681,49.2835704,-123.11502079999998,0
0.1,0.1,359.94,34.590000152600005,49.2835704,-123.11502079999998,0
0.08,0.07,359.94,34.8100013733,49.2835704,-123.11502079999998,0
0.06,0.03,359.93,35.0200004578,49.2835704,-123.11502079999998,0
0.04,0.01,359.93,35.2400016785,49.2835704,-123.1150207,0
0.03,0.01,359.92,35.4599990845,49.2835704,-123.1150207,0
0.03,0.01,359.92,35.6800003052,49.2835704,-123.1150207,0
0.01,-0.01,359.91,35.9000015259,49.2835704,-123.1150207,0
-0.02,-0.04,359.91,36.1199989319,49.2835704,-123.1150207,0
-0.06,-0.06,359.91,36.340000152600005,49.2835704,-123.1150207,0
-0.09,-0.08,359.9,36.5600013733,49.2835704,-123.1150207,0
-0.1,-0.08,359.9,36.7799987793,49.2835704,-123.1150206,0
-0.09,-0.06,359.9,37.0099983215,49.2835704,-123.1150206,0
-0.07,-0.05,359.9,37.2299995422,49.2835704,-123.1150206,0
-0.05,-0.03,359.9,37.4599990845,49.2835704,-123.1150206,0
-0.05,-0.03,359.9,37.6800003052,49.2835704,-123.1150206,0
-0.06,-0.02,359.9,37.909999847399995,49.2835704,-123.1150206,0
-0.09,-0.01,359.89,38.1399993896,49.2835704,-123.1150206,0
-0.1,0.0,359.89,38.3600006104,49.2835704,-123.1150206,0
-0.08,0.02,359.89,38.590000152600005,49.2835704,-123.1150206,0
-0.05,0.02,359.89,38.8199996948,49.2835704,-123.1150206,0
-0.02,0.01,359.89,39.0499992371,49.2835706,-123.1150206,0
0.01,0.03,359.89,39.2799987793,49.2835706,-123.1150206,0
0.05,0.06,359.88,39.5099983215,49.2835706,-123.1150206,0
0.08,0.09,359.88,39.7400016785,49.2835706,-123.1150206,0
0.07,0.12,359.88,39.9700012207,49.2835706,-123.1150206,0
0.02,0.14,359.87,40.2000007629,49.2835706,-123.1150206,0
0.0,0.14,359.87,40.4399986267,49.2835706,-123.1150206,0
-0.03,0.12,359.87,40.6699981689,49.2835706,-123.1150206,0
-0.04,0.11,359.86,40.9000015259,49.2835706,-123.1150206,0
-0.03,0.12,359.86,41.1300010681,49.2835706,-123.1150206,0
0.0,0.15,359.86,41.3699989319,49.2835706,-123.1150207,0
0.05,0.16,359.85,41.5999984741,49.2835706,-123.1150207,0
0.09,0.12,359.85,41.8300018311,49.2835706,-123.1150207,0
0.09,0.07,359.84,42.0699996948,49.2835706,-123.1150207,0
0.05,0.04,359.84,42.2999992371,49.2835706,-123.1150207,0
0.0,0.03,359.84,42.5400009155,49.2835706,-123.1150207,0
-0.02,0.06,359.84,42.7700004578,49.2835706,-123.1150207,0
-0.04,0.08,359.84,43.0099983215,49.2835704,-123.1150206,0
-0.04,0.08,359.84,43.2400016785,49.2835704,-123.1150206,0
-0.04,0.07,359.84,43.47999954220001,49.2835704,-123.1150206,0
-0.04,0.05,359.84,43.7099990845,49.2835704,-123.1150206,0
-0.02,0.05,359.83,43.9500007629,49.2835704,-123.1150206,0
0.0,0.04,359.83,44.180000305200004,49.2835704,-123.1150206,0
-0.01,0.03,359.83,44.4199981689,49.2835704,-123.1150206,0
-0.02,0.0,359.83,44.659999847399995,49.2835704,-123.1150206,0
-0.02,-0.02,359.82,44.8899993896,49.2835704,-123.1150206,0
-0.02,-0.04,359.82,45.13000106810001,49.2835704,-123.1150206,0
-0.02,-0.04,359.81,45.36999893189999,49.2835703,-123.1150206,0
-0.05,-0.03,359.81,45.5999984741,49.2835703,-123.1150206,0
-0.08,-0.02,359.81,45.8300018311,49.2835703,-123.1150206,0
-0.1,-0.02,359.8,46.069999694799996,49.2835703,-123.1150206,0
-0.1,-0.01,359.8,46.2900009155,49.2835703,-123.1150206,0
-0.09,0.0,359.79,46.520000457799995,49.2835703,-123.1150206,0
-0.06,0.01,359.79,46.72999954220001,49.2835703,-123.1150206,0
-0.04,0.0,359.79,46.9500007629,49.2835703,-123.1150206,0
-0.03,-0.01,359.78,47.1500015259,49.2835703,-123.1150206,0
-0.01,-0.03,359.78,47.3499984741,49.2835703,-123.1150206,0
0.0,-0.06,359.78,47.5400009155,49.2835703,-123.1150206,0
0.01,-0.1,359.78,47.7200012207,49.2835703,-123.1150206,0
0.01,-0.14,359.77,47.8899993896,49.2835703,-123.1150206,0
0.04,-0.15,359.77,48.0400009155,49.2835703,-123.1150206,0
0.06,-0.13,359.77,48.1899986267,49.2835703,-123.1150206,0
0.08,-0.1,359.77,48.319999694799996,49.2835703,-123.1150206,0
0.08,-0.06,359.77,48.4399986267,49.2835703,-123.1150206,0
0.08,-0.04,359.76,48.5499992371,49.2835703,-123.1150206,0
0.06,-0.04,359.76,48.6500015259,49.2835704,-123.1150206,0
0.03,-0.04,359.76,48.72999954220001,49.2835704,-123.1150206,0
0.01,-0.03,359.76,48.7999992371,49.2835704,-123.1150206,0
0.0,-0.02,359.75,48.86999893189999,49.2835704,-123.1150206,0
0.0,-0.01,359.75,48.9199981689,49.2835704,-123.1150206,0
0.01,0.01,359.74,48.9700012207,49.2835704,-123.1150206,0
0.09,-0.01,359.74,49.0099983215,49.2835704,-123.1150206,0
0.32,-0.21,359.74,49.0400009155,49.2835704,-123.1150206,0
0.72,-0.6,359.73,49.069999694799996,49.2835704,-123.1150206,0
1.28,-1.18,359.72,49.0999984741,49.2835704,-123.1150206,0
1.98,-1.88,359.7,49.11999893189999,49.2835706,-123.1150205,0
2.74,-2.6,359.68,49.1399993896,49.2835706,-123.11502040000002,0
3.41,-3.23,359.66,49.1500015259,49.28357070000001,-123.1150203,0
3.95,-3.72,359.66,49.1699981689,49.2835709,-123.11502,0
4.33,-4.07,359.66,49.180000305200004,49.2835709,-123.11501979999998,0
4.6,-4.34,359.67,49.1899986267,49.2835713,-123.1150195,0
4.85,-4.59,359.68,49.2000007629,49.2835715,-123.115019,0
5.13,-4.85,359.69,49.2099990845,49.2835719,-123.1150185,0
5.42,-5.1,359.7,49.2200012207,49.2835722,-123.1150179,0
5.68,-5.34,359.71,49.2200012207,49.2835727,-123.1150172,0
5.87,-5.53,359.72,49.22999954220001,49.2835732,-123.1150163,0
6.01,-5.67,359.73,49.2400016785,49.28357370000001,-123.1150155,0
6.11,-5.75,359.74,49.2400016785,49.2835743,-123.1150145,0
6.19,-5.82,359.74,49.25,49.283575,-123.1150135,0
6.32,-5.92,359.73,49.25,49.2835756,-123.1150124,0
6.64,-5.94,359.85,49.2599983215,49.2835764,-123.1150112,0
7.23,-5.84,0.61,49.2599983215,49.283577,-123.11500990000002,1
7.87,-5.83,2.67,49.2599983215,49.28357800000001,-123.1150084,0
8.27,-6.2,6.34,49.2599983215,49.2835788,-123.1150071,0
8.19,-7.04,11.5,49.2599983215,49.2835797,-123.1150055,0
7.5,-8.26,17.94,49.2599983215,49.2835806,-123.1150038,1
6.15,-9.67,25.4,49.270000457799995,49.2835814,-123.115002,1
4.08,-11.04,33.59,49.270000457799995,49.28358239999999,-123.1150001,1
1.23,-12.12,41.9,49.270000457799995,49.2835834,-123.1149981,1
-4.89,-12.82,55.51,49.270000457799995,49.2835855,-123.1149938,1
-6.93,-12.7,59.59,49.270000457799995,49.2835868,-123.1149916,1
-7.89,-12.55,61.68,49.270000457799995,49.2835881,-123.1149894,1
-7.84,-12.57,62.05,49.270000457799995,49.28358970000001,-123.1149871,1
-6.99,-12.85,61.05,49.270000457799995,49.2835911,-123.1149849,1
-5.6,-13.36,59.04,49.270000457799995,49.2835928,-123.1149825,1
-3.89,-14.02,56.34,49.270000457799995,49.2835946,-123.1149801,1
-2.06,-14.71,53.24,49.2799987793,49.2835964,-123.1149777,1
-0.31,-15.27,50.1,49.2799987793,49.2835982,-123.1149751,1
2.4,-15.77,44.91,49.2799987793,49.2836019,-123.1149697,1
3.17,-15.77,43.3,49.2799987793,49.2836038,-123.1149668,1
3.49,-15.73,42.47,49.2799987793,49.2836057,-123.1149637,1
3.39,-15.72,42.37,49.2799987793,49.2836078,-123.1149606,1
2.92,-15.77,42.88,49.2799987793,49.2836097,-123.1149573,1
2.2,-15.85,43.84,49.2799987793,49.2836116,-123.114954,1
1.36,-15.97,45.07,49.2799987793,49.2836138,-123.1149506,1
-0.81,-16.28,48.7,49.2799987793,49.28362,-123.1149399,1
-1.19,-16.32,49.48,49.2799987793,49.2836221,-123.1149362,1
-1.39,-16.35,49.95,49.2799987793,49.2836244,-123.1149325,1
-1.41,-16.4,50.1,49.2799987793,49.283626700000006,-123.1149288,1
-1.28,-16.46,49.98,49.2900009155,49.2836288,-123.114925,1
-0.72,-16.56,49.17,49.2900009155,49.2836335,-123.1149172,1
-0.36,-16.6,48.62,49.2900009155,49.2836359,-123.1149134,1
-0.02,-16.64,48.08,49.2900009155,49.2836383,-123.1149095,1
0.27,-16.67,47.6,49.2900009155,49.2836408,-123.1149055,1
0.17,-16.93,47.27,49.2900009155,49.2836579,-123.1148765,1
0.0,-16.96,47.47,49.2999992371,49.2836604,-123.1148722,1
-0.11,-17.0,47.65,49.2999992371,49.2836631,-123.1148679,1
-0.18,-17.04,47.79,49.2999992371,49.2836656,-123.1148636,1
-0.21,-17.09,47.89,49.2999992371,49.2836682,-123.1148593,1
-0.14,-17.19,47.88,49.2999992371,49.283676,-123.1148461,1
-0.05,-17.2,47.7,49.2999992371,49.2836813,-123.1148373,1
0.06,-17.25,47.48,49.3100013733,49.2836865,-123.1148284,1
0.17,-17.34,47.31,49.3100013733,49.2836919,-123.1148193,1
0.11,-17.51,47.27,49.319999694799996,49.2837165,-123.1147781,1
0.13,-17.54,47.27,49.319999694799996,49.28371920000001,-123.11477340000002,1
0.13,-17.57,47.27,49.319999694799996,49.283722,-123.1147688,1
0.16,-17.62,47.1,49.319999694799996,49.2837443,-123.1147311,1
0.37,-18.41,46.27,49.36999893189999,49.2844507,-123.11355220000002,1
0.4,-18.43,46.27,49.36999893189999,49.2844537,-123.1135472,1
0.41,-18.42,46.27,49.36999893189999,49.2844568,-123.1135421,1
0.41,-18.41,46.27,49.3600006104,49.2844598,-123.113537,1
0.37,-18.39,46.27,49.3600006104,49.2844629,-123.1135319,1
0.33,-18.37,46.27,49.3600006104,49.2844659,-123.1135269,1
0.11,-18.47,47.1,49.36999893189999,49.2861807,-123.1106662,1
0.24,-18.61,47.1,49.36999893189999,49.2861837,-123.1106611,1
-0.09,-18.28,47.1,49.36999893189999,49.2861958,-123.1106408,1
-0.13,-18.24,47.1,49.36999893189999,49.2861988,-123.1106357,1
-0.11,-18.27,47.1,49.36999893189999,49.2862019,-123.1106306,1
-0.01,-18.36,47.1,49.36999893189999,49.2862049,-123.1106256,1
0.13,-18.43,47.1,49.36999893189999,49.2862079,-123.1106205,1
0.24,-18.37,47.1,49.36999893189999,49.2862109,-123.1106155,1
0.29,-18.17,47.1,49.36999893189999,49.286214,-123.1106104,1
0.14,-11.82,47.32,49.36999893189999,49.286263,-123.1105287,1
0.12,-10.73,47.4,49.36999893189999,49.2862681,-123.11052,1
0.12,-10.1,47.44,49.36999893189999,49.2862705,-123.1105159,1
0.14,-9.44,47.48,49.36999893189999,49.286273,-123.1105118,1
0.19,-8.25,47.58,49.36999893189999,49.2862778,-123.1105039,1
0.24,-6.65,47.78,49.36999893189999,49.2862843,-123.1104929,1
0.23,-6.07,47.86,49.36999893189999,49.28628629999999,-123.1104894,1
0.21,-5.49,47.95,49.36999893189999,49.2862882,-123.1104861,1
0.22,-4.9,48.05,49.36999893189999,49.2862901,-123.1104829,1
0.24,-4.29,48.15,49.36999893189999,49.2862919,-123.1104798,1
0.25,-3.66,48.27,49.36999893189999,49.2862936,-123.1104768,1
0.26,-3.02,48.41,49.36999893189999,49.2862954,-123.1104739,1
0.25,-2.36,48.56,49.36999893189999,49.286297,-123.1104712,1
0.24,-1.65,48.73,49.36999893189999,49.2862985,-123.1104686,1
0.24,-0.89,48.93,49.36999893189999,49.2862998,-123.11046609999998,1
0.23,0.79,49.32,49.38000106810001,49.28630250000001,-123.1104615,0
0.22,1.78,49.48,49.38000106810001,49.2863035,-123.1104595,1
0.23,2.92,49.6,49.38000106810001,49.2863046,-123.1104576,1
0.25,3.99,49.66,49.38000106810001,49.2863057,-123.11045590000002,1
0.26,4.77,49.66,49.38000106810001,49.2863065,-123.1104543,1
0.24,5.18,49.63,49.38000106810001,49.2863073,-123.1104529,1
0.19,5.26,49.56,49.38000106810001,49.286308,-123.1104517,1
0.13,4.98,49.37,49.38000106810001,49.2863089,-123.11044979999998,1
0.09,4.93,49.28,49.38000106810001,49.2863094,-123.1104491,1
0.01,5.09,49.2,49.38000106810001,49.2863096,-123.1104485,1
-0.06,5.43,49.15,49.38000106810001,49.28631,-123.110448,1
-0.15,5.88,49.11,49.38000106810001,49.2863101,-123.1104476,1
-0.22,6.35,49.09,49.38000106810001,49.2863102,-123.1104474,1
-0.32,6.79,49.09,49.38000106810001,49.2863102,-123.1104473,1
-0.41,7.19,49.11,49.38000106810001,49.2863102,-123.1104473,1
-0.5,7.86,49.17,49.38000106810001,49.28631,-123.1104477,1
-0.55,8.15,49.2,49.38000106810001,49.2863099,-123.1104481,1
-0.61,8.4,49.23,49.38000106810001,49.2863095,-123.1104487,1
-0.64,8.57,49.25,49.38000106810001,49.2863093,-123.1104493,1
-0.75,8.74,49.28,49.38000106810001,49.2863084,-123.110451,1
-0.81,8.78,49.28,49.38000106810001,49.286308,-123.110452,1
-0.6,8.96,49.05,49.38000106810001,49.28630689999999,-123.1104543,1
-0.09,9.17,48.03,49.38000106810001,49.2863063,-123.1104555,1
0.26,9.47,45.58,49.38000106810001,49.28630560000001,-123.11045690000002,0
0.07,9.84,41.49,49.38000106810001,49.2863049,-123.1104583,1
-0.81,10.14,35.9,49.36999893189999,49.286304,-123.1104598,1
-2.32,10.2,29.1,49.36999893189999,49.2863032,-123.1104614,0
-4.28,9.88,21.39,49.36999893189999,49.28630220000001,-123.110463,0
-6.48,9.11,13.1,49.36999893189999,49.2863013,-123.1104647,1
-8.64,7.88,4.54,49.36999893189999,49.28630029999999,-123.1104664,1
-10.54,6.25,355.97,49.36999893189999,49.2862991,-123.1104683,1
-11.99,4.37,347.64,49.38000106810001,49.286298,-123.1104703,0
-12.96,2.42,339.71,49.38000106810001,49.2862968,-123.11047240000002,1
-13.51,0.53,332.28,49.38000106810001,49.2862958,-123.1104747,1
-13.76,-1.21,325.4,49.38000106810001,49.2862946,-123.110477,1
-13.82,-2.76,319.04,49.38000106810001,49.2862932,-123.1104796,1
-13.77,-4.14,313.15,49.38000106810001,49.2862921,-123.1104822,1
-13.66,-5.33,307.61,49.38000106810001,49.2862907,-123.11048490000002,0
-13.47,-6.39,302.33,49.38000106810001,49.2862894,-123.1104878,0
-13.17,-7.4,297.19,49.38000106810001,49.2862881,-123.1104908,1
-12.73,-8.39,292.07,49.38000106810001,49.28628670000001,-123.1104939,1
-12.15,-9.39,286.87,49.38000106810001,49.2862852,-123.110497,1
-11.41,-10.44,281.49,49.38000106810001,49.2862838,-123.1105003,1
-10.5,-11.54,275.95,49.38000106810001,49.2862821,-123.1105037,1
-9.37,-12.65,270.2,49.38000106810001,49.28628060000001,-123.1105071,1
-8.04,-13.7,264.22,49.38000106810001,49.286279,-123.1105106,1
-6.52,-14.61,258.05,49.38000106810001,49.28627720000001,-123.1105142,0
-4.82,-15.32,251.74,49.38000106810001,49.2862755,-123.1105178,1
-3.0,-15.83,245.36,49.38000106810001,49.2862739,-123.1105216,0
-1.0,-16.13,238.99,49.38000106810001,49.28627210000001,-123.1105254,1
1.41,-16.21,232.98,49.38000106810001,49.2862703,-123.1105291,1
3.92,-16.03,227.9,49.38000106810001,49.2862685,-123.1105332,1
6.04,-15.65,224.2,49.38000106810001,49.2862667,-123.1105372,1
7.36,-15.26,222.04,49.38000106810001,49.2862649,-123.11054140000002,1
7.74,-15.03,221.3,49.38000106810001,49.2862631,-123.1105456,1
7.21,-15.05,221.77,49.38000106810001,49.28626129999999,-123.11055,1
5.97,-15.29,223.15,49.38000106810001,49.2862596,-123.1105544,1
4.28,-15.7,225.19,49.38000106810001,49.28625770000001,-123.11055890000002,1
2.42,-16.15,227.62,49.38000106810001,49.286256,-123.1105635,1
0.65,-16.55,230.13,49.38000106810001,49.2862542,-123.11056809999998,0
-0.83,-16.83,232.46,49.38000106810001,49.2862524,-123.1105727,1
-1.92,-16.95,234.37,49.38000106810001,49.2862505,-123.1105773,1
-2.58,-16.95,235.71,49.38000106810001,49.2862486,-123.1105819,1
-2.85,-16.89,236.42,49.38000106810001,49.2862466,-123.1105866,1
-2.74,-16.82,236.53,49.38000106810001,49.2862444,-123.11059109999998,1
-2.36,-16.79,236.13,49.38000106810001,49.2862424,-123.11059579999998,1
-1.78,-16.83,235.36,49.38000106810001,49.2862402,-123.1106005,1
-1.09,-16.91,234.34,49.38000106810001,49.2862381,-123.1106051,1
-0.36,-16.99,233.24,49.38000106810001,49.2862359,-123.1106098,1
0.28,-17.08,232.18,49.38000106810001,49.2862336,-123.1106145,1
0.82,-17.18,231.28,49.38000106810001,49.2862314,-123.1106191,1
1.19,-17.27,230.59,49.38000106810001,49.2862292,-123.1106239,1
1.39,-17.32,230.16,49.38000106810001,49.2862268,-123.11062859999998,1
1.42,-17.31,230.0,49.38000106810001,49.28622470000001,-123.1106334,1
1.3,-17.32,230.07,49.38000106810001,49.2862224,-123.1106383,1
1.08,-17.33,230.32,49.38000106810001,49.2862201,-123.1106431,1
0.8,-17.36,230.7,49.38000106810001,49.2862177,-123.110648,1
0.51,-17.39,231.14,49.38000106810001,49.2862155,-123.1106529,1
0.25,-17.42,231.6,49.3899993896,49.2862131,-123.1106578,1
0.01,-17.46,232.01,49.3899993896,49.28621079999999,-123.1106627,1
-0.15,-17.5,232.34,49.3899993896,49.2862084,-123.1106677,1
-0.26,-17.53,232.58,49.3899993896,49.286206,-123.1106726,1
-0.3,-17.56,232.72,49.3899993896,49.2862036,-123.1106775,1
-0.29,-17.58,232.75,49.3899993896,49.28620120000001,-123.1106825,1
-0.21,-17.58,232.71,49.3899993896,49.2861988,-123.1106876,1
-0.08,-17.59,232.61,49.3899993896,49.2861963,-123.1106926,1
0.07,-17.59,232.47,49.3899993896,49.2861939,-123.1106976,1
0.2,-17.62,232.33,49.3899993896,49.2861914,-123.11070259999998,1
0.28,-17.64,232.2,49.3899993896,49.2861889,-123.11070759999998,1
0.34,-17.65,232.1,49.3899993896,49.2861865,-123.1107127,1
0.38,-17.65,232.03,49.3899993896,49.28618400000001,-123.1107177,1
0.4,-17.68,232.01,49.3899993896,49.2861815,-123.1107228,1
0.41,-17.72,232.02,49.3899993896,49.286179,-123.1107279,1
0.41,-17.77,232.08,49.3899993896,49.2861764,-123.110733,1
0.37,-17.83,232.16,49.3899993896,49.2861739,-123.1107381,1
0.32,-17.87,232.26,49.3899993896,49.2861714,-123.1107431,1
0.26,-17.89,232.37,49.3899993896,49.286169,-123.1107483,1
0.19,-17.9,232.47,49.3899993896,49.2861665,-123.1107535,1
0.14,-17.9,232.57,49.3899993896,49.2861639,-123.11075859999998,1
0.07,-17.92,232.65,49.3899993896,49.2861614,-123.1107638,1
0.01,-17.94,232.72,49.3899993896,49.2861588,-123.110769,1
-0.01,-17.95,232.76,49.3899993896,49.2861562,-123.1107742,1
-0.01,-17.97,232.79,49.3899993896,49.2861538,-123.1107794,1
0.02,-17.99,232.81,49.3899993896,49.2861513,-123.1107846,1
0.09,-18.0,232.81,49.3899993896,49.28614870000001,-123.1107898,1
0.21,-17.98,232.81,49.3899993896,49.286146,-123.1107951,1
0.32,-17.99,232.81,49.3899993896,49.2861435,-123.1108003,1
0.38,-18.02,232.81,49.3899993896,49.286141,-123.1108056,1
0.38,-18.04,232.81,49.3899993896,49.2861384,-123.11081090000002,1
0.36,-18.05,232.83,49.3899993896,49.2861359,-123.11081609999998,1
0.27,-18.04,232.86,49.3899993896,49.2861332,-123.11082140000002,1
0.18,-18.0,232.89,49.3899993896,49.2861307,-123.1108267,1
0.14,-17.97,232.93,49.3899993896,49.2861282,-123.1108319,0
0.14,-17.97,232.97,49.3899993896,49.2861256,-123.1108373,1
0.14,-17.99,233.01,49.3899993896,49.2861229,-123.1108426,1
0.15,-18.05,233.05,49.3899993896,49.2861204,-123.1108479,1
0.16,-18.13,233.09,49.3899993896,49.2861179,-123.1108532,1
0.21,-18.23,233.12,49.3899993896,49.2861153,-123.1108585,1
0.18,-18.27,233.14,49.3899993896,49.2861128,-123.1108639,1
0.1,-18.26,233.16,49.3899993896,49.2861101,-123.1108692,1
0.05,-18.22,233.18,49.3899993896,49.2861076,-123.1108746,1
0.05,-18.17,233.2,49.3899993896,49.286105,-123.1108799,1
0.09,-18.16,233.21,49.3899993896,49.2861024,-123.1108853,1
0.17,-18.21,233.22,49.3899993896,49.2860997,-123.1108906,1
0.25,-18.28,233.23,49.3899993896,49.2860972,-123.110896,1
0.24,-18.27,233.24,49.3899993896,49.2860946,-123.1109014,1
0.14,-18.22,233.25,49.3899993896,49.2860919,-123.1109068,1
0.06,-18.17,233.27,49.3899993896,49.2860893,-123.1109122,1
0.03,-18.14,233.28,49.3899993896,49.28608679999999,-123.1109176,1
0.06,-18.14,233.3,49.3899993896,49.2860842,-123.110923,1
0.11,-18.19,233.31,49.3899993896,49.2860815,-123.1109284,0
0.15,-18.26,233.32,49.3899993896,49.286079,-123.1109338,1
0.17,-18.33,233.34,49.3899993896,49.2860764,-123.1109392,1
0.18,-18.41,233.35,49.3899993896,49.2860737,-123.1109447,1
0.22,-18.45,233.36,49.3899993896,49.2860711,-123.1109501,1
0.25,-18.44,233.38,49.3899993896,49.2860686,-123.1109555,1
0.26,-18.41,233.4,49.3899993896,49.286066,-123.110961,1
0.24,-18.39,233.41,49.3899993896,49.2860633,-123.1109664,1
0.22,-18.37,233.42,49.3899993896,49.2860607,-123.1109719,1
0.21,-18.36,233.44,49.3899993896,49.28605820000001,-123.1109772,1
0.2,-18.34,233.45,49.3899993896,49.28605560000001,-123.1109827,1
0.16,-18.3,233.46,49.3899993896,49.2860529,-123.1109883,1
0.1,-18.23,233.47,49.3899993896,49.28605039999999,-123.1109938,1
0.07,-18.2,233.48,49.3899993896,49.28604779999999,-123.1109993,1
0.06,-18.21,233.48,49.3899993896,49.2860451,-123.1110048,1
0.1,-18.25,233.49,49.3899993896,49.2860425,-123.1110103,1
0.18,-18.26,233.49,49.3899993896,49.2860399,-123.1110158,1
0.23,-18.26,233.49,49.3899993896,49.2860372,-123.1110213,1
0.23,-18.28,233.5,49.3899993896,49.2860346,-123.1110268,1
0.12,-18.35,233.5,49.3899993896,49.286032,-123.1110323,1
0.0,-18.41,233.5,49.3899993896,49.2860293,-123.1110378,1
-0.07,-18.44,233.5,49.3899993896,49.28602670000001,-123.1110433,1
-0.01,-18.38,233.5,49.3899993896,49.2860242,-123.1110488,0
0.15,-18.26,233.5,49.3899993896,49.2860216,-123.1110543,1
0.31,-18.16,233.5,49.38000106810001,49.2860188,-123.1110598,1
0.39,-18.11,233.5,49.38000106810001,49.28601629999999,-123.1110653,1
0.4,-18.12,233.5,49.38000106810001,49.28601370000001,-123.1110708,1
0.38,-18.16,233.5,49.38000106810001,49.286011,-123.1110763,1
0.3,-18.28,233.51,49.38000106810001,49.2860084,-123.1110818,1
0.13,-18.43,233.52,49.38000106810001,49.2860058,-123.1110873,1
-0.01,-18.55,233.53,49.38000106810001,49.2860031,-123.1110928,1
-0.06,-18.57,233.53,49.38000106810001,49.2860006,-123.11109840000002,1
0.03,-18.46,233.54,49.38000106810001,49.285998,-123.11110390000002,1
0.23,-18.29,233.54,49.38000106810001,49.2859954,-123.1111094,1
0.4,-18.17,233.54,49.38000106810001,49.2859927,-123.11111499999998,1
0.47,-18.11,233.53,49.38000106810001,49.2859901,-123.1111205,1
0.47,-18.14,233.53,49.38000106810001,49.2859875,-123.1111261,1
0.34,-18.24,233.53,49.38000106810001,49.2859848,-123.1111317,1
0.13,-18.39,233.53,49.38000106810001,49.2859823,-123.1111371,1
-0.02,-18.51,233.54,49.38000106810001,49.2859797,-123.1111428,1
-0.07,-18.55,233.54,49.38000106810001,49.285977,-123.1111483,1
-0.01,-18.52,233.54,49.38000106810001,49.2859744,-123.1111539,1
0.16,-18.42,233.54,49.38000106810001,49.2859718,-123.1111594,1
0.38,-18.28,233.53,49.38000106810001,49.2859691,-123.111165,1
0.52,-18.2,233.53,49.38000106810001,49.2859665,-123.1111705,1
0.56,-18.18,233.53,49.38000106810001,49.2859639,-123.1111761,1
0.5,-18.21,233.53,49.38000106810001,49.2859612,-123.11118159999998,1
0.3,-18.34,233.52,49.38000106810001,49.2859586,-123.1111872,1
0.06,-18.48,233.52,49.38000106810001,49.2859561,-123.11119270000002,1
-0.08,-18.56,233.52,49.38000106810001,49.2859535,-123.1111983,1
-0.12,-18.58,233.52,49.38000106810001,49.2859508,-123.1112038,1
-0.07,-18.54,233.51,49.38000106810001,49.2859483,-123.11120929999998,1
0.07,-18.45,233.5,49.38000106810001,49.285945700000006,-123.1112149,1
0.27,-18.33,233.49,49.38000106810001,49.2859431,-123.1112204,1
0.42,-18.23,233.48,49.38000106810001,49.2859404,-123.1112259,1
0.46,-18.21,233.46,49.38000106810001,49.2859378,-123.1112315,1
0.42,-18.27,233.45,49.38000106810001,49.2859352,-123.1112371,1
0.25,-18.4,233.44,49.3899993896,49.2859325,-123.1112426,1
0.05,-18.52,233.44,49.3899993896,49.28593,-123.1112482,1
-0.05,-18.58,233.44,49.3899993896,49.2859274,-123.1112538,1
-0.04,-18.56,233.43,49.3899993896,49.2859247,-123.1112593,1
0.12,-18.44,233.43,49.3899993896,49.2859221,-123.1112649,1
0.33,-18.31,233.43,49.3899993896,49.2859195,-123.1112704,1
0.47,-18.23,233.43,49.3899993896,49.2859168,-123.111276,1
0.51,-18.22,233.42,49.3899993896,49.28591420000001,-123.1112815,1
0.48,-18.26,233.42,49.3899993896,49.28591160000001,-123.1112871,1
0.35,-18.38,233.41,49.3899993896,49.2859089,-123.1112926,0
0.15,-18.53,233.41,49.3899993896,49.28590629999999,-123.1112982,1
0.0,-18.61,233.41,49.3899993896,49.28590379999999,-123.1113037,1
-0.02,-18.6,233.41,49.3899993896,49.28590120000001,-123.1113092,1
0.13,-18.49,233.4,49.3899993896,49.2858985,-123.1113148,1
0.35,-18.36,233.39,49.38000106810001,49.2858959,-123.1113203,1
0.53,-18.27,233.38,49.38000106810001,49.2858933,-123.1113259,1
0.6,-18.23,233.38,49.38000106810001,49.2858906,-123.1113314,1
0.57,-18.24,233.37,49.38000106810001,49.285888,-123.111337,1
0.47,-18.31,233.37,49.38000106810001,49.2858854,-123.1113426,1
0.29,-18.43,233.37,49.38000106810001,49.2858827,-123.1113482,1
0.09,-18.56,233.37,49.38000106810001,49.2858802,-123.1113538,1
0.02,-18.62,233.38,49.38000106810001,49.2858776,-123.1113594,0
0.08,-18.57,233.37,49.38000106810001,49.285875,-123.111365,1
0.28,-18.41,233.37,49.38000106810001,49.2858723,-123.1113706,1
0.48,-18.27,233.36,49.3899993896,49.285869700000006,-123.1113762,1
0.6,-18.22,233.35,49.3899993896,49.2858671,-123.1113818,1
0.59,-18.26,233.35,49.3899993896,49.2858644,-123.1113874,1
0.45,-18.37,233.34,49.3899993896,49.2858618,-123.111393,1
0.29,-18.49,233.34,49.3899993896,49.2858592,-123.1113986,1
0.19,-18.56,233.33,49.3899993896,49.2858565,-123.1114042,0
0.17,-18.56,233.33,49.3899993896,49.285854,-123.1114098,1
0.22,-18.53,233.32,49.3899993896,49.2858514,-123.1114154,0
0.28,-18.48,233.32,49.3899993896,49.2858487,-123.111421,1
0.35,-18.45,233.31,49.3899993896,49.2858461,-123.1114266,1
0.37,-18.44,233.29,49.3899993896,49.2858436,-123.1114322,1
0.36,-18.43,233.28,49.3899993896,49.2858408,-123.1114378,1
0.34,-18.41,233.27,49.3899993896,49.2858382,-123.1114434,1
0.32,-18.4,233.26,49.3899993896,49.2858357,-123.111449,1
0.31,-18.4,233.24,49.3899993896,49.2858331,-123.1114545,1
0.31,-18.4,233.23,49.3899993896,49.2858304,-123.1114602,1
0.3,-18.4,233.22,49.3899993896,49.2858279,-123.1114658,1
0.31,-18.39,233.21,49.3899993896,49.2858253,-123.1114714,1
0.3,-18.41,233.19,49.3899993896,49.2858225,-123.111477,1
0.28,-18.45,233.18,49.3899993896,49.28582,-123.1114825,1
0.25,-18.47,233.17,49.3899993896,49.2858174,-123.1114882,1
0.24,-18.48,233.16,49.3899993896,49.2858148,-123.1114938,1
0.26,-18.47,233.15,49.3899993896,49.2858121,-123.1114994,1
0.31,-18.43,233.14,49.3899993896,49.2858095,-123.111505,1
0.35,-18.39,233.13,49.3899993896,49.2858069,-123.1115106,1
0.36,-18.39,233.12,49.3899993896,49.2858042,-123.1115162,1
0.33,-18.43,233.11,49.3899993896,49.2858016,-123.1115218,1
0.26,-18.48,233.1,49.3899993896,49.285799,-123.1115274,0
0.24,-18.46,233.09,49.3899993896,49.2857963,-123.111533,1
0.3,-18.4,233.09,49.3899993896,49.28579379999999,-123.1115386,1
0.4,-18.33,233.08,49.3899993896,49.2857911,-123.1115442,1
0.47,-18.3,233.07,49.3899993896,49.2857884,-123.1115498,1
0.5,-18.32,233.06,49.3899993896,49.2857859,-123.1115553,1
0.45,-18.38,233.05,49.3899993896,49.2857832,-123.1115609,1
0.33,-18.46,233.05,49.3899993896,49.2857805,-123.1115665,1
0.23,-18.51,233.04,49.3899993896,49.285778,-123.1115721,0
0.19,-18.52,233.03,49.3899993896,49.2857754,-123.1115776,1
0.22,-18.48,233.03,49.3899993896,49.2857727,-123.1115832,1
0.34,-18.43,233.02,49.3899993896,49.2857701,-123.1115888,1
0.45,-18.38,233.01,49.3899993896,49.2857675,-123.11159440000002,1
0.5,-18.33,233.01,49.3899993896,49.2857648,-123.1116,1
0.51,-18.32,233.0,49.3899993896,49.2857622,-123.1116055,1
0.48,-18.35,233.0,49.3899993896,49.2857596,-123.1116111,1
0.38,-18.4,232.99,49.3899993896,49.2857569,-123.1116167,1
0.28,-18.47,232.99,49.3899993896,49.2857543,-123.1116223,1
0.23,-18.51,232.99,49.3899993896,49.28575170000001,-123.1116278,1
0.26,-18.51,232.98,49.3899993896,49.285749,-123.1116334,1
0.38,-18.46,232.98,49.3899993896,49.2857464,-123.111639,1
0.48,-18.4,232.97,49.3899993896,49.2857439,-123.1116446,1
0.53,-18.36,232.97,49.38000106810001,49.2857411,-123.1116501,1
0.53,-18.38,232.96,49.38000106810001,49.2857385,-123.1116557,1
0.51,-18.42,232.96,49.38000106810001,49.285736,-123.1116613,1
0.44,-18.49,232.96,49.38000106810001,49.2857332,-123.1116668,1
0.32,-18.59,232.95,49.38000106810001,49.2857306,-123.11167240000002,1
0.24,-18.68,232.95,49.38000106810001,49.2857281,-123.111678,1
0.23,-18.69,232.95,49.38000106810001,49.2857255,-123.1116836,1
0.3,-18.61,232.94,49.38000106810001,49.2857228,-123.11168909999998,0
0.4,-18.49,232.94,49.38000106810001,49.28572020000001,-123.1116947,1
0.48,-18.39,232.93,49.38000106810001,49.28571760000001,-123.1117003,1
0.49,-18.33,232.93,49.38000106810001,49.2857149,-123.11170590000002,1
0.47,-18.32,232.92,49.38000106810001,49.28571229999999,-123.1117115,1
0.44,-18.34,232.91,49.38000106810001,49.2857097,-123.11171709999998,1
0.42,-18.42,232.91,49.38000106810001,49.285707,-123.1117227,1
0.42,-18.51,232.9,49.38000106810001,49.2857044,-123.1117283,1
0.4,-18.58,232.9,49.38000106810001,49.2857018,-123.11173390000002,0
0.4,-18.59,232.89,49.38000106810001,49.2856991,-123.1117394,0
0.42,-18.58,232.89,49.38000106810001,49.2856965,-123.111745,1
0.44,-18.54,232.88,49.38000106810001,49.2856939,-123.1117506,1
0.43,-18.47,232.88,49.38000106810001,49.2856912,-123.1117561,1
0.4,-18.4,232.88,49.38000106810001,49.2856886,-123.1117618,1
0.36,-18.37,232.88,49.38000106810001,49.285686,-123.1117674,1
0.35,-18.39,232.87,49.38000106810001,49.2856833,-123.111773,1
0.34,-18.42,232.87,49.38000106810001,49.2856807,-123.11177859999998,1
0.35,-18.44,232.86,49.38000106810001,49.2856781,-123.1117842,1
0.4,-18.46,232.85,49.38000106810001,49.2856754,-123.1117898,1
0.48,-18.51,232.84,49.38000106810001,49.28567279999999,-123.1117953,1
0.52,-18.54,232.84,49.38000106810001,49.28567020000001,-123.1118009,1
0.48,-18.5,232.83,49.38000106810001,49.2856675,-123.1118065,1
0.41,-18.44,232.83,49.38000106810001,49.2856649,-123.1118121,1
0.36,-18.4,232.82,49.38000106810001,49.2856623,-123.11181770000002,1
0.34,-18.4,232.81,49.38000106810001,49.2856596,-123.1118233,1
0.35,-18.42,232.81,49.38000106810001,49.285657,-123.111829,1
0.4,-18.48,232.8,49.38000106810001,49.2856544,-123.1118345,1
0.44,-18.54,232.8,49.38000106810001,49.2856517,-123.11184009999998,1
0.44,-18.54,232.8,49.38000106810001,49.2856491,-123.1118457,1
0.42,-18.48,232.79,49.38000106810001,49.28564650000001,-123.1118513,0
0.39,-18.39,232.79,49.38000106810001,49.2856438,-123.1118569,1
0.37,-18.34,232.78,49.38000106810001,49.2856412,-123.1118625,1
0.37,-18.33,232.77,49.38000106810001,49.2856386,-123.11186809999998,1
0.37,-18.34,232.76,49.38000106810001,49.2856359,-123.1118737,1
0.37,-18.36,232.76,49.38000106810001,49.2856333,-123.1118793,1
0.37,-18.38,232.75,49.38000106810001,49.28563070000001,-123.11188490000002,1
0.4,-18.38,232.74,49.38000106810001,49.285628,-123.1118905,1
0.45,-18.39,232.74,49.38000106810001,49.2856254,-123.1118961,1
0.53,-18.45,232.73,49.38000106810001,49.28562279999999,-123.1119017,0
0.6,-18.54,232.72,49.38000106810001,49.2856201,-123.11190729999998,0
0.64,-18.59,232.71,49.38000106810001,49.2856175,-123.1119128,1
0.6,-18.56,232.71,49.38000106810001,49.2856149,-123.1119184,1
0.5,-18.5,232.71,49.38000106810001,49.2856122,-123.1119239,1
0.41,-18.45,232.71,49.38000106810001,49.2856096,-123.11192959999998,1
0.34,-18.42,232.71,49.38000106810001,49.2856071,-123.1119352,1
0.33,-18.42,232.71,49.38000106810001,49.2856045,-123.1119408,1
0.35,-18.43,232.71,49.38000106810001,49.28560170000001,-123.11194640000002,1
0.39,-18.45,232.7,49.38000106810001,49.2855992,-123.1119521,1
0.44,-18.47,232.7,49.38000106810001,49.2855966,-123.1119577,1
0.49,-18.48,232.69,49.38000106810001,49.2855939,-123.1119633,1
0.52,-18.49,232.68,49.38000106810001,49.28559129999999,-123.1119689,1
0.51,-18.49,232.67,49.38000106810001,49.28558870000001,-123.11197450000002,1
0.49,-18.48,232.66,49.38000106810001,49.285586,-123.11198,1
0.48,-18.48,232.66,49.36999893189999,49.2855834,-123.1119856,1
0.48,-18.49,232.64,49.36999893189999,49.2855808,-123.1119912,1
0.48,-18.48,232.64,49.36999893189999,49.2855781,-123.1119968,1
0.48,-18.46,232.63,49.36999893189999,49.2855755,-123.1120024,1
0.48,-18.46,232.62,49.36999893189999,49.2855729,-123.112008,1
0.48,-18.45,232.61,49.36999893189999,49.2855702,-123.1120136,1
0.47,-18.43,232.6,49.36999893189999,49.2855676,-123.1120192,0
0.49,-18.41,232.6,49.36999893189999,49.28556500000001,-123.1120248,1
0.55,-18.41,232.59,49.36999893189999,49.2855623,-123.1120304,1
0.61,-18.42,232.59,49.36999893189999,49.2855597,-123.112036,1
0.64,-18.46,232.58,49.36999893189999,49.2855571,-123.1120416,1
0.62,-18.48,232.58,49.36999893189999,49.2855544,-123.1120472,1
0.56,-18.47,232.58,49.36999893189999,49.2855518,-123.1120528,1
0.49,-18.46,232.58,49.36999893189999,49.28554920000001,-123.1120584,1
0.44,-18.44,232.58,49.36999893189999,49.2855465,-123.11206409999998,0
0.43,-18.43,232.58,49.36999893189999,49.2855439,-123.1120697,1
0.44,-18.42,232.57,49.38000106810001,49.28554129999999,-123.1120753,1
0.44,-18.43,232.57,49.38000106810001,49.2855386,-123.1120809,1
0.46,-18.45,232.56,49.38000106810001,49.285536,-123.1120865,1
0.51,-18.47,232.55,49.38000106810001,49.2855334,-123.112092,1
0.55,-18.49,232.54,49.38000106810001,49.2855307,-123.1120976,1
0.58,-18.5,232.53,49.38000106810001,49.2855281,-123.1121032,1
0.57,-18.48,232.53,49.38000106810001,49.2855255,-123.1121088,1
0.54,-18.45,232.52,49.38000106810001,49.2855228,-123.1121144,1
0.52,-18.43,232.51,49.38000106810001,49.28552020000001,-123.11212,1
0.52,-18.4,232.5,49.38000106810001,49.28551760000001,-123.1121256,1
0.52,-18.4,232.5,49.38000106810001,49.2855149,-123.1121312,1
0.54,-18.42,232.49,49.38000106810001,49.28551229999999,-123.1121367,1
0.56,-18.46,232.49,49.38000106810001,49.2855097,-123.1121422,1
0.57,-18.5,232.48,49.38000106810001,49.285507,-123.1121479,1
0.57,-18.53,232.48,49.38000106810001,49.2855044,-123.1121535,1
0.54,-18.51,232.48,49.38000106810001,49.2855018,-123.112159,1
0.51,-18.46,232.48,49.38000106810001,49.2854991,-123.1121646,1
0.49,-18.43,232.47,49.38000106810001,49.2854965,-123.1121702,1
0.49,-18.43,232.47,49.38000106810001,49.2854939,-123.1121759,1
0.52,-18.44,232.47,49.38000106810001,49.2854912,-123.1121814,1
0.53,-18.46,232.46,49.38000106810001,49.2854886,-123.112187,1
0.56,-18.45,232.46,49.38000106810001,49.285486,-123.1121926,1
0.59,-18.44,232.46,49.38000106810001,49.2854833,-123.1121981,1
0.6,-18.45,232.45,49.38000106810001,49.2854807,-123.1122037,1
0.59,-18.44,232.45,49.38000106810001,49.2854781,-123.1122093,1
0.57,-18.41,232.45,49.38000106810001,49.2854754,-123.1122149,1
0.55,-18.37,232.45,49.38000106810001,49.2854728,-123.1122205,1
0.55,-18.35,232.45,49.38000106810001,49.285470200000006,-123.1122261,1
0.59,-18.39,232.44,49.38000106810001,49.2854675,-123.1122317,0
0.61,-18.45,232.44,49.38000106810001,49.2854649,-123.1122372,0
0.6,-18.5,232.44,49.38000106810001,49.2854623,-123.1122428,1
0.58,-18.53,232.43,49.38000106810001,49.2854596,-123.1122484,1
0.53,-18.52,232.43,49.38000106810001,49.285457,-123.112254,1
0.49,-18.46,232.43,49.38000106810001,49.2854545,-123.1122595,1
0.48,-18.39,232.42,49.38000106810001,49.2854518,-123.1122652,1
0.5,-18.34,232.42,49.38000106810001,49.2854491,-123.1122708,1
0.55,-18.35,232.41,49.38000106810001,49.2854466,-123.1122763,1
0.62,-18.41,232.41,49.38000106810001,49.285444,-123.1122819,1
0.66,-18.48,232.4,49.38000106810001,49.2854412,-123.1122875,1
0.67,-18.53,232.4,49.38000106810001,49.28543870000001,-123.112293,1
0.67,-18.55,232.39,49.38000106810001,49.285436,-123.1122987,1
0.63,-18.52,232.39,49.38000106810001,49.2854333,-123.1123043,1
0.56,-18.44,232.39,49.38000106810001,49.28543079999999,-123.1123099,1
0.48,-18.34,232.39,49.38000106810001,49.2854281,-123.1123155,1
0.43,-18.28,232.38,49.38000106810001,49.2854254,-123.1123211,1
0.43,-18.27,232.38,49.38000106810001,49.2854229,-123.1123267,1
0.47,-18.33,232.37,49.38000106810001,49.2854202,-123.1123322,1
0.56,-18.44,232.36,49.38000106810001,49.2854175,-123.1123378,1
0.67,-18.55,232.35,49.38000106810001,49.285415,-123.1123434,1
0.73,-18.61,232.35,49.38000106810001,49.2854124,-123.112349,1
0.74,-18.61,232.34,49.38000106810001,49.2854096,-123.1123545,1
0.7,-18.53,232.34,49.38000106810001,49.2854071,-123.1123601,1
0.65,-18.43,232.34,49.38000106810001,49.2854045,-123.1123657,1
0.61,-18.34,232.34,49.38000106810001,49.28540170000001,-123.1123713,1
0.57,-18.31,232.34,49.38000106810001,49.2853992,-123.11237690000002,1
0.54,-18.34,232.34,49.38000106810001,49.2853966,-123.1123825,1
0.54,-18.39,232.33,49.38000106810001,49.2853939,-123.1123881,1
0.57,-18.42,232.33,49.38000106810001,49.28539129999999,-123.1123937,1
0.6,-18.46,232.32,49.38000106810001,49.28538870000001,-123.1123993,0
0.63,-18.49,232.31,49.38000106810001,49.285386,-123.11240490000002,1
0.67,-18.52,232.31,49.38000106810001,49.2853834,-123.1124106,1
0.66,-18.51,232.3,49.38000106810001,49.2853808,-123.1124162,1
0.64,-18.48,232.3,49.38000106810001,49.2853781,-123.1124217,1
0.62,-18.45,232.29,49.38000106810001,49.2853755,-123.1124273,1
0.6,-18.42,232.29,49.38000106810001,49.2853729,-123.1124328,1
0.57,-18.43,232.28,49.38000106810001,49.2853702,-123.1124385,1
0.56,-18.45,232.28,49.38000106810001,49.2853676,-123.1124441,1
0.57,-18.44,232.27,49.38000106810001,49.2853651,-123.1124497,1
0.62,-18.37,232.26,49.38000106810001,49.2853625,-123.1124553,1
0.7,-18.31,232.25,49.38000106810001,49.2853597,-123.1124608,1
0.75,-18.28,232.24,49.38000106810001,49.28535720000001,-123.1124665,1
0.75,-18.29,232.24,49.38000106810001,49.28535460000001,-123.1124721,1
0.74,-18.31,232.23,49.38000106810001,49.2853518,-123.1124777,1
0.73,-18.35,232.22,49.38000106810001,49.28534929999999,-123.1124833,1
0.65,-18.43,232.22,49.38000106810001,49.2853467,-123.1124889,1
0.57,-18.52,232.21,49.38000106810001,49.285344,-123.1124945,1
0.51,-18.57,232.21,49.38000106810001,49.2853415,-123.1125001,1
0.5,-18.56,232.21,49.38000106810001,49.2853388,-123.1125057,1
0.54,-18.5,232.2,49.38000106810001,49.2853361,-123.1125113,1
0.63,-18.42,232.19,49.38000106810001,49.2853336,-123.1125169,1
0.69,-18.35,232.19,49.38000106810001,49.2853309,-123.1125225,1
0.69,-18.33,232.18,49.38000106810001,49.2853282,-123.1125282,1
0.63,-18.37,232.17,49.38000106810001,49.2853256,-123.1125337,1
0.58,-18.46,232.16,49.38000106810001,49.2853231,-123.1125393,1
0.58,-18.52,232.15,49.38000106810001,49.28532050000001,-123.1125449,1
0.61,-18.52,232.14,49.38000106810001,49.2853177,-123.11255049999998,1
0.67,-18.47,232.14,49.38000106810001,49.2853152,-123.112556,1
0.69,-18.4,232.14,49.38000106810001,49.2853126,-123.1125616,1
0.67,-18.38,232.13,49.38000106810001,49.2853098,-123.1125672,1
0.64,-18.38,232.13,49.38000106810001,49.2853073,-123.1125728,1
0.6,-18.43,232.13,49.38000106810001,49.28530470000001,-123.1125783,1
0.57,-18.5,232.13,49.38000106810001,49.285302,-123.11258390000002,1
0.59,-18.53,232.13,49.38000106810001,49.2852994,-123.1125895,1
0.63,-18.51,232.12,49.38000106810001,49.2852968,-123.112595,1
0.66,-18.48,232.12,49.38000106810001,49.2852941,-123.1126006,1
0.68,-18.44,232.12,49.38000106810001,49.2852915,-123.1126061,1
0.68,-18.43,232.11,49.38000106810001,49.2852889,-123.1126118,1
0.67,-18.43,232.1,49.38000106810001,49.2852862,-123.1126173,1
0.65,-18.44,232.09,49.38000106810001,49.2852836,-123.1126229,1
0.62,-18.44,232.09,49.38000106810001,49.285281,-123.1126285,1
0.6,-18.46,232.08,49.38000106810001,49.2852783,-123.1126341,1
0.56,-18.48,232.07,49.38000106810001,49.2852758,-123.11263970000002,1
0.53,-18.5,232.06,49.38000106810001,49.28527310000001,-123.11264540000002,1
0.52,-18.51,232.06,49.38000106810001,49.2852704,-123.112651,1
0.57,-18.47,232.05,49.38000106810001,49.2852679,-123.1126565,1
0.64,-18.42,232.05,49.38000106810001,49.2852652,-123.1126621,1
0.72,-18.36,232.04,49.38000106810001,49.2852625,-123.11266770000002,1
0.76,-18.31,232.04,49.38000106810001,49.28526,-123.1126733,1
0.76,-18.31,232.04,49.38000106810001,49.2852573,-123.1126789,1
0.73,-18.35,232.04,49.38000106810001,49.2852546,-123.1126845,1
0.71,-18.4,232.04,49.38000106810001,49.2852521,-123.11269009999998,1
0.69,-18.45,232.04,49.38000106810001,49.2852495,-123.1126957,1
0.69,-18.48,232.04,49.38000106810001,49.2852467,-123.1127013,1
0.68,-18.47,232.04,49.38000106810001,49.2852442,-123.11270690000002,1
0.65,-18.43,232.05,49.38000106810001,49.285241600000006,-123.1127125,1
0.64,-18.41,232.04,49.38000106810001,49.2852388,-123.11271809999998,1
0.64,-18.39,232.04,49.38000106810001,49.2852363,-123.1127237,1
0.67,-18.4,232.04,49.38000106810001,49.285233700000006,-123.11272920000002,1
0.72,-18.44,232.03,49.38000106810001,49.2852309,-123.1127348,1
0.78,-18.47,232.02,49.38000106810001,49.2852284,-123.1127404,1
0.82,-18.48,232.01,49.38000106810001,49.2852258,-123.112746,1
0.81,-18.48,232.01,49.38000106810001,49.285223,-123.1127514,1
0.77,-18.44,232.01,49.38000106810001,49.2852205,-123.1127571,1
0.71,-18.38,232.0,49.38000106810001,49.2852178,-123.1127628,1
0.68,-18.34,232.0,49.38000106810001,49.2852151,-123.1127684,1
0.68,-18.32,232.0,49.38000106810001,49.2852126,-123.1127739,1
0.72,-18.37,231.99,49.38000106810001,49.28521,-123.11277959999998,1
0.78,-18.47,231.99,49.38000106810001,49.2852072,-123.1127851,1
0.83,-18.55,231.98,49.38000106810001,49.2852047,-123.11279070000002,1
0.85,-18.59,231.98,49.38000106810001,49.2852021,-123.1127963,1
0.85,-18.58,231.98,49.38000106810001,49.2851995,-123.1128019,1
0.79,-18.49,231.98,49.38000106810001,49.2851968,-123.1128075,1
0.69,-18.39,231.98,49.38000106810001,49.2851943,-123.112813,1
0.64,-18.33,231.98,49.38000106810001,49.28519160000001,-123.1128186,1
0.63,-18.33,231.98,49.38000106810001,49.2851889,-123.1128242,1
0.65,-18.36,231.97,49.38000106810001,49.2851864,-123.1128298,1
0.69,-18.44,231.96,49.38000106810001,49.2851838,-123.1128354,1
0.76,-18.53,231.96,49.38000106810001,49.2851811,-123.112841,1
0.81,-18.57,231.95,49.38000106810001,49.2851785,-123.1128466,1
0.8,-18.56,231.94,49.38000106810001,49.2851759,-123.1128521,1
0.73,-18.48,231.94,49.38000106810001,49.2851732,-123.1128577,1
0.66,-18.39,231.93,49.38000106810001,49.2851706,-123.1128633,1
0.6,-18.33,231.92,49.38000106810001,49.28516810000001,-123.1128689,1
0.59,-18.31,231.91,49.38000106810001,49.28516550000001,-123.1128746,1
0.63,-18.31,231.9,49.38000106810001,49.2851627,-123.11288020000002,1
0.73,-18.37,231.89,49.38000106810001,49.2851602,-123.1128858,1
0.84,-18.46,231.88,49.38000106810001,49.2851576,-123.1128913,0
0.91,-18.56,231.87,49.38000106810001,49.2851549,-123.1128969,1
0.92,-18.6,231.86,49.38000106810001,49.2851524,-123.1129025,1
0.86,-18.59,231.86,49.38000106810001,49.2851498,-123.1129081,1
0.78,-18.51,231.86,49.38000106810001,49.285147,-123.1129137,1
0.71,-18.39,231.85,49.38000106810001,49.2851445,-123.1129193,1
0.67,-18.3,231.85,49.38000106810001,49.2851419,-123.1129247,1
0.67,-18.26,231.85,49.38000106810001,49.2851391,-123.1129304,1
0.69,-18.29,231.84,49.38000106810001,49.2851366,-123.112936,1
0.72,-18.34,231.83,49.38000106810001,49.285134,-123.1129416,1
0.73,-18.38,231.83,49.38000106810001,49.2851314,-123.1129472,1
0.7,-18.4,231.82,49.38000106810001,49.2851286,-123.1129527,1
0.69,-18.4,231.81,49.38000106810001,49.2851261,-123.1129584,1
0.69,-18.4,231.8,49.38000106810001,49.2851235,-123.112964,1
0.69,-18.4,231.79,49.38000106810001,49.28512070000001,-123.1129696,1
0.74,-18.42,231.79,49.38000106810001,49.2851182,-123.1129752,1
0.83,-18.48,231.78,49.38000106810001,49.28511560000001,-123.1129808,1
0.88,-18.53,231.77,49.38000106810001,49.2851129,-123.1129863,1
0.87,-18.51,231.77,49.38000106810001,49.28511029999999,-123.112992,1
0.8,-18.43,231.77,49.38000106810001,49.28510770000001,-123.1129976,1
0.74,-18.36,231.77,49.38000106810001,49.2851049,-123.1130032,1
0.73,-18.33,231.77,49.38000106810001,49.2851024,-123.1130088,1
0.74,-18.34,231.77,49.38000106810001,49.2850998,-123.1130144,1
0.76,-18.4,231.76,49.38000106810001,49.285097,-123.11302,1
0.8,-18.47,231.75,49.38000106810001,49.2850945,-123.1130256,1
0.82,-18.5,231.75,49.38000106810001,49.2850919,-123.1130312,1
0.81,-18.48,231.75,49.38000106810001,49.2850891,-123.1130368,1
0.82,-18.46,231.75,49.38000106810001,49.28508660000001,-123.1130424,1
0.81,-18.44,231.74,49.3899993896,49.28508400000001,-123.1130479,1
0.79,-18.43,231.74,49.3899993896,49.2850812,-123.1130535,1
0.76,-18.42,231.74,49.3899993896,49.2850787,-123.1130591,1
0.75,-18.43,231.74,49.3899993896,49.2850761,-123.1130647,1
0.74,-18.46,231.73,49.3899993896,49.2850734,-123.1130703,1
0.73,-18.47,231.73,49.3899993896,49.2850708,-123.1130759,1
0.76,-18.47,231.73,49.3899993896,49.28506820000001,-123.1130815,1
0.76,-18.45,231.72,49.3899993896,49.2850655,-123.1130871,1
0.75,-18.44,231.72,49.3899993896,49.28506289999999,-123.1130927,1
0.75,-18.43,231.71,49.3899993896,49.2850603,-123.1130983,1
0.77,-18.4,231.71,49.3899993896,49.2850576,-123.1131039,1
0.8,-18.37,231.7,49.3899993896,49.285055,-123.1131096,1
0.82,-18.37,231.7,49.3899993896,49.2850524,-123.1131152,1
0.82,-18.38,231.7,49.3899993896,49.28504960000001,-123.1131208,1
0.81,-18.42,231.69,49.3899993896,49.2850471,-123.1131263,1
0.84,-18.51,231.69,49.3899993896,49.2850445,-123.1131319,1
0.87,-18.56,231.69,49.38000106810001,49.2850417,-123.1131375,1
0.87,-18.56,231.69,49.38000106810001,49.28503920000001,-123.113143,1
0.83,-18.5,231.69,49.38000106810001,49.28503660000001,-123.1131487,1
0.76,-18.41,231.69,49.38000106810001,49.2850339,-123.1131543,1
0.73,-18.35,231.69,49.38000106810001,49.2850313,-123.1131599,1
0.73,-18.34,231.69,49.38000106810001,49.2850287,-123.1131655,1
0.74,-18.35,231.68,49.38000106810001,49.285026,-123.1131711,1
0.75,-18.35,231.68,49.38000106810001,49.2850234,-123.1131767,1
0.75,-18.36,231.68,49.38000106810001,49.2850208,-123.1131823,1
0.77,-18.39,231.67,49.38000106810001,49.2850181,-123.1131878,1
0.81,-18.43,231.67,49.38000106810001,49.2850155,-123.1131934,1
0.81,-18.43,231.66,49.38000106810001,49.2850129,-123.113199,1
0.75,-18.43,231.66,49.38000106810001,49.2850102,-123.1132046,1
0.69,-18.41,231.66,49.38000106810001,49.2850076,-123.1132102,0
0.7,-18.4,231.65,49.38000106810001,49.285005,-123.1132158,0
0.74,-18.4,231.64,49.38000106810001,49.2850023,-123.1132214,0
0.78,-18.44,231.64,49.38000106810001,49.2849997,-123.113227,1
0.77,-18.49,231.63,49.38000106810001,49.28499710000001,-123.1132326,1
0.77,-18.53,231.63,49.38000106810001,49.2849944,-123.1132381,1
0.79,-18.5,231.62,49.38000106810001,49.28499179999999,-123.1132437,1
0.77,-18.42,231.62,49.38000106810001,49.28498920000001,-123.1132493,1
0.73,-18.33,231.62,49.38000106810001,49.2849865,-123.11325490000002,1
0.73,-18.29,231.62,49.38000106810001,49.2849839,-123.1132605,1
0.78,-18.3,231.62,49.38000106810001,49.2849813,-123.1132661,0
0.83,-18.32,231.62,49.38000106810001,49.2849786,-123.1132717,1
0.85,-18.31,231.63,49.38000106810001,49.284976,-123.1132773,1
0.84,-18.3,231.63,49.38000106810001,49.2849734,-123.11328290000002,1
0.8,-18.31,231.63,49.38000106810001,49.2849707,-123.1132883,1
0.76,-18.33,231.63,49.38000106810001,49.28496810000001,-123.113294,1
0.74,-18.37,231.63,49.38000106810001,49.28496550000001,-123.1132996,1
0.72,-18.42,231.63,49.38000106810001,49.2849628,-123.1133052,1
0.71,-18.48,231.63,49.38000106810001,49.2849602,-123.1133108,1
0.74,-18.5,231.62,49.38000106810001,49.28495770000001,-123.1133163,1
0.8,-18.45,231.62,49.38000106810001,49.28495510000001,-123.1133219,1
0.85,-18.38,231.62,49.38000106810001,49.2849523,-123.1133275,1
0.88,-18.34,231.62,49.38000106810001,49.2849498,-123.113333,1
0.9,-18.33,231.61,49.38000106810001,49.2849472,-123.1133386,1
0.89,-18.34,231.61,49.36999893189999,49.28494439999999,-123.1133442,1
0.83,-18.39,231.61,49.36999893189999,49.2849419,-123.1133498,1
0.74,-18.48,231.61,49.36999893189999,49.2849393,-123.1133554,1
0.69,-18.54,231.61,49.36999893189999,49.2849366,-123.113361,1
0.69,-18.55,231.61,49.36999893189999,49.284934,-123.1133665,1
0.73,-18.51,231.61,49.36999893189999,49.2849314,-123.1133721,1
0.81,-18.43,231.61,49.36999893189999,49.2849287,-123.1133777,0
0.87,-18.36,231.61,49.36999893189999,49.2849261,-123.11338329999998,1
0.88,-18.32,231.61,49.36999893189999,49.2849235,-123.1133888,1
0.85,-18.29,231.61,49.36999893189999,49.2849208,-123.11339440000002,1
0.82,-18.24,231.61,49.36999893189999,49.2849183,-123.1134,1
0.8,-18.17,231.6,49.36999893189999,49.28491560000001,-123.1134056,1
0.83,-18.05,231.6,49.36999893189999,49.2849129,-123.1134111,1
0.85,-17.88,231.6,49.36999893189999,49.2849104,-123.1134166,1
0.83,-17.67,231.61,49.36999893189999,49.2849078,-123.1134221,1
0.8,-17.42,231.61,49.36999893189999,49.284905,-123.1134278,0
0.8,-17.16,231.61,49.36999893189999,49.2849025,-123.11343329999998,1
0.83,-16.85,231.62,49.36999893189999,49.2849,-123.1134388,1
0.85,-16.53,231.62,49.36999893189999,49.2848974,-123.1134443,1
0.87,-16.22,231.63,49.36999893189999,49.2848947,-123.11344979999998,1
0.87,-15.91,231.63,49.38000106810001,49.2848922,-123.11345520000002,1
0.85,-15.62,231.64,49.38000106810001,49.28488970000001,-123.1134606,1
0.85,-15.33,231.65,49.38000106810001,49.2848872,-123.113466,1
0.86,-15.0,231.66,49.38000106810001,49.2848848,-123.1134712,1
0.88,-14.62,231.68,49.38000106810001,49.2848823,-123.1134765,1
0.9,-14.21,231.69,49.38000106810001,49.2848799,-123.1134817,1
0.91,-13.75,231.71,49.38000106810001,49.2848775,-123.1134868,1
0.92,-13.27,231.74,49.38000106810001,49.2848751,-123.1134919,1
0.94,-12.76,231.76,49.38000106810001,49.2848727,-123.1134969,1
0.94,-12.23,231.79,49.38000106810001,49.2848704,-123.1135018,1
0.94,-11.68,231.82,49.38000106810001,49.2848683,-123.1135066,1
0.93,-11.08,231.85,49.38000106810001,49.284866,-123.1135115,1
0.91,-10.45,231.89,49.38000106810001,49.2848639,-123.1135162,1
0.88,-9.78,231.92,49.38000106810001,49.2848617,-123.1135208,1
0.86,-9.12,231.96,49.3899993896,49.2848598,-123.1135253,0
0.84,-8.51,232.0,49.3899993896,49.2848578,-123.1135297,1
0.84,-7.93,232.04,49.3899993896,49.2848557,-123.11353390000002,1
0.84,-7.39,232.09,49.3899993896,49.2848539,-123.1135381,1
0.83,-6.87,232.13,49.3899993896,49.2848521,-123.1135421,1
0.81,-6.31,232.18,49.3899993896,49.2848503,-123.1135461,1
0.76,-5.73,232.23,49.3899993896,49.28484870000001,-123.1135499,1
0.67,-5.11,232.27,49.3899993896,49.2848471,-123.1135536,1
0.61,-4.48,232.31,49.3899993896,49.2848454,-123.1135571,1
0.58,-3.84,232.34,49.3899993896,49.284844,-123.1135605,1
0.57,-3.17,232.36,49.3899993896,49.28484260000001,-123.1135638,1
0.58,-2.49,232.37,49.3899993896,49.2848412,-123.1135669,1
0.57,-1.77,232.38,49.3899993896,49.2848399,-123.11356979999998,1
0.54,-1.03,232.37,49.4000015259,49.2848387,-123.1135728,1
0.48,-0.22,232.35,49.4000015259,49.2848375,-123.1135753,0
0.4,0.68,232.31,49.4000015259,49.28483660000001,-123.113578,1
0.3,1.75,232.27,49.4000015259,49.2848356,-123.1135803,1
0.21,2.94,232.24,49.4000015259,49.2848347,-123.1135825,1
0.13,4.06,232.2,49.4000015259,49.2848338,-123.1135844,1
0.06,4.88,232.18,49.4000015259,49.2848331,-123.1135862,1
-0.01,5.35,232.17,49.4000015259,49.2848325,-123.1135878,1
-0.08,5.47,232.18,49.4000015259,49.28483189999999,-123.1135892,1
-0.14,5.37,232.19,49.4000015259,49.2848314,-123.1135904,1
-0.18,5.16,232.22,49.4000015259,49.2848311,-123.1135915,1
-0.24,5.01,232.25,49.409999847399995,49.2848307,-123.1135923,1
-0.28,5.11,232.29,49.409999847399995,49.28483060000001,-123.113593,1
-0.32,5.47,232.33,49.409999847399995,49.2848304,-123.1135936,1
-0.37,5.98,232.37,49.409999847399995,49.2848301,-123.113594,1
-0.4,6.55,232.4,49.409999847399995,49.2848301,-123.1135943,1
-0.43,7.07,232.43,49.409999847399995,49.2848301,-123.1135945,1
-0.46,7.53,232.45,49.409999847399995,49.2848301,-123.1135945,1
-0.49,7.94,232.46,49.409999847399995,49.2848302,-123.1135943,1
-0.51,8.29,232.47,49.409999847399995,49.2848305,-123.1135941,1
-0.54,8.55,232.47,49.409999847399995,49.2848307,-123.1135936,1
-0.56,8.69,232.48,49.409999847399995,49.2848309,-123.1135931,1
-0.58,8.76,232.48,49.409999847399995,49.28483129999999,-123.1135923,1
-0.6,8.8,232.49,49.409999847399995,49.28483170000001,-123.1135916,1
-0.61,8.84,232.49,49.409999847399995,49.284832,-123.1135906,0
-0.57,8.92,232.49,49.409999847399995,49.2848325,-123.1135896,1
-0.25,9.02,232.21,49.409999847399995,49.2848331,-123.1135884,1
0.28,9.2,231.04,49.409999847399995,49.28483370000001,-123.1135872,1
0.61,9.49,228.38,49.4000015259,49.2848343,-123.1135858,1
0.37,9.83,224.08,49.4000015259,49.284835,-123.1135844,1
-0.55,10.07,218.32,49.4000015259,49.2848357,-123.113583,1
-2.13,10.1,211.37,49.4000015259,49.28483660000001,-123.1135815,1
-4.14,9.8,203.57,49.4000015259,49.2848374,-123.1135799,1
-6.34,9.08,195.21,49.4000015259,49.2848384,-123.1135782,1
-8.47,7.93,186.62,49.4000015259,49.2848393,-123.1135764,1
-10.33,6.42,178.05,49.409999847399995,49.2848404,-123.1135746,1
-11.81,4.66,169.69,49.409999847399995,49.2848415,-123.1135726,1
-12.82,2.81,161.84,49.409999847399995,49.28484260000001,-123.1135705,1
-13.42,1.0,154.53,49.409999847399995,49.2848436,-123.1135682,1
-13.74,-0.66,147.78,49.409999847399995,49.2848448,-123.1135659,1
-13.86,-2.13,141.54,49.409999847399995,49.284846,-123.1135634,1
-13.86,-3.42,135.75,49.409999847399995,49.2848472,-123.1135607,1
-13.81,-4.56,130.31,49.409999847399995,49.2848484,-123.113558,1
-13.71,-5.62,125.1,49.409999847399995,49.2848497,-123.1135552,0
-13.5,-6.66,120.0,49.409999847399995,49.2848511,-123.11355220000002,1
-13.17,-7.71,114.89,49.409999847399995,49.2848525,-123.1135491,1
-12.68,-8.79,109.7,49.409999847399995,49.28485379999999,-123.113546,1
-12.0,-9.92,104.33,49.409999847399995,49.2848554,-123.1135427,1
-11.13,-11.08,98.74,49.409999847399995,49.2848569,-123.1135394,1
-10.04,-12.25,92.93,49.4000015259,49.2848584,-123.113536,1
-8.72,-13.36,86.9,49.4000015259,49.2848599,-123.1135325,1
-7.2,-14.37,80.68,49.4000015259,49.2848617,-123.1135289,1
-5.49,-15.2,74.34,49.4000015259,49.2848634,-123.1135253,0
-3.66,-15.81,67.93,49.4000015259,49.28486510000001,-123.1135215,1
-1.78,-16.2,61.52,49.4000015259,49.2848669,-123.11351770000002,1
0.39,-16.37,55.27,49.4000015259,49.2848686,-123.1135139,0
2.88,-16.28,49.66,49.4000015259,49.2848704,-123.1135099,1
5.27,-15.94,45.2,49.4000015259,49.2848722,-123.1135059,1
7.04,-15.52,42.27,49.4000015259,49.2848742,-123.1135017,1
7.91,-15.21,40.84,49.4000015259,49.284876,-123.1134975,1
7.85,-15.1,40.72,49.4000015259,49.2848777,-123.1134931,1
6.95,-15.25,41.67,49.3899993896,49.2848794,-123.1134887,1
5.48,-15.6,43.41,49.3899993896,49.2848812,-123.1134841,0
3.69,-16.05,45.66,49.3899993896,49.284883,-123.1134796,1
1.84,-16.51,48.16,49.3899993896,49.2848848,-123.113475,1
0.15,-16.87,50.62,49.3899993896,49.2848867,-123.1134704,1
-1.2,-17.07,52.77,49.3899993896,49.2848885,-123.1134657,1
-2.13,-17.13,54.41,49.3899993896,49.2848904,-123.11346100000002,1
-2.63,-17.1,55.46,49.3899993896,49.2848925,-123.1134564,1
-2.72,-17.05,55.88,49.3899993896,49.2848945,-123.1134517,1
-2.45,-17.03,55.74,49.4000015259,49.2848965,-123.113447,1
-1.92,-17.06,55.14,49.4000015259,49.28489879999999,-123.1134423,1
-1.23,-17.11,54.23,49.4000015259,49.284901,-123.1134377,1
-0.5,-17.18,53.15,49.4000015259,49.2849031,-123.113433,1
0.18,-17.26,52.05,49.4000015259,49.2849054,-123.11342820000002,0
0.78,-17.32,51.04,49.4000015259,49.28490770000001,-123.1134235,0
1.23,-17.36,50.22,49.4000015259,49.2849098,-123.1134187,1
1.65,-17.43,49.33,49.4000015259,49.2849145,-123.1134091,1
1.47,-17.47,49.42,49.4000015259,49.284919,-123.1133993,1
0.94,-17.55,50.15,49.4000015259,49.2849237,-123.1133895,1
0.63,-17.59,50.61,49.4000015259,49.2849261,-123.1133845,1
0.35,-17.63,51.05,49.4000015259,49.2849285,-123.1133795,1
0.14,-17.67,51.44,49.4000015259,49.2849308,-123.1133746,1
0.01,-17.7,51.74,49.4000015259,49.28493320000001,-123.1133696,1
-0.03,-17.71,51.93,49.4000015259,49.2849356,-123.1133646,1
-0.01,-17.72,52.03,49.4000015259,49.2849381,-123.1133596,1
0.04,-17.73,52.03,49.4000015259,49.28494050000001,-123.11335459999998,1
0.12,-17.71,51.97,49.4000015259,49.284943,-123.1133495,1
0.22,-17.7,51.85,49.4000015259,49.2849454,-123.1133445,1
0.33,-17.73,51.7,49.3899993896,49.2849479,-123.11333940000002,1
0.43,-17.76,51.56,49.3899993896,49.28495039999999,-123.1133344,1
0.54,-17.79,51.43,49.3899993896,49.2849529,-123.1133293,1
0.63,-17.83,51.34,49.3899993896,49.2849554,-123.1133242,1
0.68,-17.83,51.28,49.3899993896,49.2849578,-123.113319,1
0.69,-17.82,51.27,49.3899993896,49.2849603,-123.1133139,1
0.67,-17.81,51.3,49.3899993896,49.2849628,-123.1133087,1
0.62,-17.83,51.36,49.3899993896,49.2849654,-123.1133035,1
0.57,-17.86,51.45,49.3899993896,49.284968,-123.11329840000002,1
0.51,-17.9,51.55,49.3899993896,49.2849705,-123.1132932,1
0.47,-17.91,51.65,49.3899993896,49.284973,-123.11328799999998,1
0.43,-17.92,51.76,49.3899993896,49.28497539999999,-123.1132828,1
0.39,-17.93,51.85,49.3899993896,49.284978,-123.1132776,1
0.36,-17.94,51.93,49.3899993896,49.2849806,-123.1132723,1
0.34,-17.97,51.99,49.3899993896,49.284983200000006,-123.113267,1
0.33,-18.01,52.03,49.3899993896,49.2849857,-123.1132619,1
0.32,-18.05,52.06,49.3899993896,49.2849882,-123.1132566,1
0.33,-18.08,52.08,49.3899993896,49.2849908,-123.1132514,1
0.36,-18.06,52.09,49.3899993896,49.2849934,-123.11324609999998,0
0.39,-18.05,52.1,49.3899993896,49.284996,-123.1132408,0
0.41,-18.05,52.1,49.3899993896,49.2849985,-123.1132354,1
0.43,-18.07,52.11,49.3899993896,49.2850011,-123.11323020000002,1
0.44,-18.09,52.12,49.3899993896,49.2850037,-123.1132249,1
0.44,-18.1,52.13,49.3899993896,49.2850063,-123.1132196,1
0.42,-18.12,52.15,49.3899993896,49.2850089,-123.1132143,1
0.41,-18.13,52.18,49.38000106810001,49.2850114,-123.113209,1
0.41,-18.13,52.21,49.38000106810001,49.2850141,-123.1132036,1
0.42,-18.13,52.24,49.38000106810001,49.2850167,-123.1131982,1
0.43,-18.13,52.28,49.38000106810001,49.2850192,-123.1131929,1
0.44,-18.13,52.31,49.38000106810001,49.2850218,-123.1131875,1
0.44,-18.14,52.35,49.38000106810001,49.2850245,-123.1131822,1
0.43,-18.16,52.38,49.38000106810001,49.2850271,-123.1131768,1
0.43,-18.2,52.42,49.38000106810001,49.2850296,-123.1131714,1
0.43,-18.23,52.45,49.38000106810001,49.2850323,-123.113166,1
0.42,-18.25,52.48,49.38000106810001,49.2850349,-123.1131606,1
0.41,-18.24,52.5,49.38000106810001,49.2850374,-123.1131552,1
0.42,-18.23,52.53,49.38000106810001,49.28504,-123.1131497,1
0.44,-18.21,52.55,49.38000106810001,49.28504270000001,-123.1131445,1
0.46,-18.21,52.57,49.38000106810001,49.2850453,-123.113139,1
0.46,-18.21,52.58,49.38000106810001,49.2850479,-123.11313359999998,1
0.45,-18.22,52.6,49.38000106810001,49.2850506,-123.1131282,1
0.45,-18.22,52.61,49.38000106810001,49.2850532,-123.1131228,1
0.44,-18.23,52.63,49.38000106810001,49.2850557,-123.1131173,1
0.41,-18.28,52.65,49.38000106810001,49.2850583,-123.1131119,1
0.37,-18.33,52.66,49.38000106810001,49.285061,-123.1131065,1
0.36,-18.34,52.68,49.38000106810001,49.2850636,-123.113101,1
0.36,-18.33,52.7,49.38000106810001,49.2850661,-123.1130956,1
0.36,-18.3,52.72,49.38000106810001,49.2850688,-123.11309009999998,1
0.37,-18.27,52.74,49.38000106810001,49.2850715,-123.1130846,1
0.35,-18.24,52.75,49.38000106810001,49.285074,-123.11307920000002,1
0.33,-18.22,52.77,49.38000106810001,49.28507670000001,-123.1130737,1
0.35,-18.21,52.78,49.38000106810001,49.28507929999999,-123.1130682,1
0.36,-18.22,52.79,49.38000106810001,49.2850818,-123.1130627,0
0.39,-18.21,52.8,49.38000106810001,49.28508460000001,-123.11305729999998,1
0.43,-18.2,52.81,49.38000106810001,49.28508720000001,-123.1130518,1
0.44,-18.21,52.82,49.38000106810001,49.28508970000001,-123.1130463,1
0.44,-18.22,52.83,49.38000106810001,49.2850923,-123.1130408,1
0.43,-18.24,52.84,49.38000106810001,49.285095,-123.1130353,1
0.43,-18.25,52.86,49.38000106810001,49.2851002,-123.1130243,1
0.42,-18.25,52.88,49.38000106810001,49.2851029,-123.1130188,1
0.42,-18.25,52.89,49.38000106810001,49.2851055,-123.1130133,1
0.4,-18.25,52.9,49.36999893189999,49.285108,-123.1130078,1
0.37,-18.25,52.91,49.36999893189999,49.2851107,-123.1130024,1
0.32,-18.26,52.92,49.36999893189999,49.2851133,-123.1129968,1
0.27,-18.29,52.93,49.36999893189999,49.2851159,-123.1129913,1
0.25,-18.3,52.94,49.36999893189999,49.2851185,-123.1129858,1
0.27,-18.32,52.94,49.36999893189999,49.285121200000006,-123.1129803,1
0.3,-18.33,52.95,49.36999893189999,49.2851238,-123.1129748,1
0.32,-18.31,52.94,49.36999893189999,49.2851263,-123.1129692,1
0.31,-18.3,52.94,49.36999893189999,49.285129,-123.1129637,1
0.31,-18.3,52.94,49.36999893189999,49.2851317,-123.1129582,1
0.31,-18.31,52.94,49.36999893189999,49.2851342,-123.1129527,1
0.32,-18.35,52.94,49.36999893189999,49.2851369,-123.1129472,1
0.32,-18.39,52.94,49.36999893189999,49.2851395,-123.1129416,1
0.32,-18.4,52.95,49.36999893189999,49.285142,-123.1129361,0
0.33,-18.38,52.95,49.36999893189999,49.2851446,-123.11293059999998,0
0.35,-18.36,52.96,49.36999893189999,49.2851473,-123.1129251,1
0.35,-18.33,52.97,49.36999893189999,49.2851499,-123.1129195,1
0.35,-18.32,52.97,49.36999893189999,49.2851525,-123.112914,1
0.33,-18.31,52.98,49.36999893189999,49.28515520000001,-123.1129085,1
0.31,-18.3,52.99,49.36999893189999,49.2851578,-123.112903,1
0.3,-18.29,52.99,49.36999893189999,49.2851603,-123.1128975,1
0.3,-18.3,52.99,49.36999893189999,49.285163,-123.1128919,1
0.29,-18.3,52.99,49.38000106810001,49.2851657,-123.1128864,1
0.31,-18.28,53.0,49.38000106810001,49.2851682,-123.1128808,1
0.33,-18.27,53.0,49.38000106810001,49.2851709,-123.1128753,1
0.36,-18.26,53.0,49.38000106810001,49.2851735,-123.1128697,0
0.38,-18.28,53.0,49.38000106810001,49.2851761,-123.1128642,1
0.39,-18.3,53.0,49.38000106810001,49.2851788,-123.1128586,1
0.39,-18.33,53.0,49.38000106810001,49.2851814,-123.112853,1
0.38,-18.34,53.0,49.38000106810001,49.285184,-123.11284750000002,1
0.37,-18.34,53.0,49.38000106810001,49.2851865,-123.1128419,1
0.36,-18.33,53.01,49.38000106810001,49.28518920000001,-123.1128364,1
0.33,-18.34,53.02,49.38000106810001,49.28519179999999,-123.1128308,1
0.28,-18.34,53.02,49.38000106810001,49.2851944,-123.1128253,0
0.26,-18.33,53.03,49.38000106810001,49.28519710000001,-123.11281979999998,0
0.25,-18.34,53.03,49.38000106810001,49.2851997,-123.1128142,1
0.26,-18.35,53.03,49.38000106810001,49.28520220000001,-123.1128086,1
0.29,-18.36,53.03,49.38000106810001,49.2852048,-123.1128031,1
0.31,-18.37,53.03,49.38000106810001,49.2852075,-123.1127976,1
0.34,-18.38,53.03,49.38000106810001,49.2852101,-123.112792,1
0.36,-18.39,53.02,49.38000106810001,49.2852127,-123.1127865,1
0.38,-18.39,53.02,49.38000106810001,49.2852154,-123.11278090000002,1
0.37,-18.39,53.01,49.38000106810001,49.285218,-123.1127754,1
0.35,-18.4,53.01,49.38000106810001,49.2852205,-123.11276979999998,1
0.33,-18.42,53.01,49.38000106810001,49.2852232,-123.1127643,1
0.31,-18.43,53.01,49.38000106810001,49.28522589999999,-123.1127587,1
0.3,-18.42,53.0,49.38000106810001,49.2852284,-123.1127532,1
0.31,-18.4,53.01,49.38000106810001,49.2852311,-123.1127476,1
0.31,-18.39,53.01,49.38000106810001,49.285233700000006,-123.1127421,1
0.32,-18.4,53.01,49.38000106810001,49.2852363,-123.1127365,1
0.34,-18.42,53.01,49.38000106810001,49.285239,-123.11273090000002,1
0.36,-18.43,53.01,49.38000106810001,49.285241600000006,-123.1127253,1
0.37,-18.42,53.01,49.38000106810001,49.2852442,-123.11271979999998,1
0.37,-18.41,53.01,49.38000106810001,49.2852467,-123.1127143,1
0.38,-18.4,53.01,49.38000106810001,49.2852494,-123.1127087,1
0.41,-18.38,53.01,49.38000106810001,49.2852521,-123.1127032,0
0.42,-18.37,53.01,49.38000106810001,49.2852546,-123.1126976,0
0.43,-18.36,53.01,49.38000106810001,49.2852573,-123.112692,1
0.4,-18.39,53.01,49.38000106810001,49.2852599,-123.1126865,1
0.37,-18.42,53.01,49.38000106810001,49.2852625,-123.11268090000002,1
0.35,-18.46,53.01,49.38000106810001,49.2852652,-123.1126753,1
0.33,-18.47,53.01,49.38000106810001,49.28526779999999,-123.1126697,1
0.37,-18.45,53.01,49.38000106810001,49.2852703,-123.1126642,1
0.43,-18.41,53.01,49.38000106810001,49.28527310000001,-123.1126586,1
0.49,-18.39,53.01,49.38000106810001,49.28527570000001,-123.112653,1
0.5,-18.37,53.01,49.38000106810001,49.2852782,-123.1126475,1
0.5,-18.37,53.01,49.38000106810001,49.285281,-123.1126419,1
0.48,-18.38,53.01,49.38000106810001,49.2852836,-123.1126363,1
0.41,-18.42,53.01,49.38000106810001,49.2852861,-123.1126307,1
0.36,-18.44,53.0,49.38000106810001,49.2852887,-123.1126251,1
0.35,-18.44,53.0,49.38000106810001,49.2852914,-123.1126195,1
0.38,-18.43,52.99,49.38000106810001,49.285294,-123.112614,1
0.41,-18.43,52.99,49.38000106810001,49.2852966,-123.1126084,1
0.41,-18.43,52.98,49.38000106810001,49.2852993,-123.1126028,1
0.41,-18.42,52.97,49.38000106810001,49.2853019,-123.1125973,1
0.39,-18.4,52.97,49.38000106810001,49.2853045,-123.1125917,1
0.37,-18.38,52.96,49.38000106810001,49.28530720000001,-123.1125861,1
0.36,-18.38,52.96,49.38000106810001,49.2853098,-123.1125805,1
0.37,-18.39,52.95,49.38000106810001,49.2853123,-123.112575,1
0.38,-18.42,52.95,49.38000106810001,49.2853151,-123.1125694,1
0.4,-18.46,52.95,49.3899993896,49.2853177,-123.1125638,1
0.41,-18.49,52.95,49.3899993896,49.28532020000001,-123.1125582,1
0.42,-18.5,52.95,49.3899993896,49.285323,-123.1125527,1
0.43,-18.48,52.95,49.3899993896,49.2853256,-123.1125471,1
0.43,-18.47,52.95,49.3899993896,49.2853281,-123.1125415,1
0.44,-18.46,52.95,49.3899993896,49.2853309,-123.112536,0
0.43,-18.45,52.94,49.3899993896,49.2853335,-123.1125304,1
0.4,-18.43,52.94,49.3899993896,49.285336,-123.1125248,1
0.37,-18.41,52.94,49.3899993896,49.2853388,-123.1125192,1
0.36,-18.39,52.94,49.3899993896,49.2853414,-123.1125136,1
0.34,-18.38,52.94,49.3899993896,49.2853439,-123.112508,1
0.33,-18.4,52.94,49.3899993896,49.2853467,-123.1125024,1
0.36,-18.41,52.93,49.3899993896,49.28534929999999,-123.1124968,1
0.39,-18.41,52.93,49.3899993896,49.2853518,-123.1124912,1
0.4,-18.42,52.92,49.3899993896,49.28535460000001,-123.1124857,1
0.41,-18.42,52.92,49.3899993896,49.28535720000001,-123.1124801,1
0.41,-18.41,52.92,49.3899993896,49.2853597,-123.1124745,1
0.4,-18.38,52.91,49.3899993896,49.2853625,-123.1124689,1
0.4,-18.35,52.91,49.3899993896,49.2853651,-123.1124632,1
0.41,-18.35,52.91,49.3899993896,49.2853676,-123.1124577,1
0.4,-18.37,52.9,49.3899993896,49.2853704,-123.1124521,1
0.38,-18.39,52.9,49.3899993896,49.285373,-123.1124465,1
0.37,-18.4,52.9,49.3899993896,49.2853755,-123.1124409,1
0.38,-18.42,52.9,49.3899993896,49.2853783,-123.1124354,1
0.43,-18.45,52.9,49.3899993896,49.2853809,-123.1124298,1
0.46,-18.47,52.9,49.3899993896,49.2853834,-123.1124242,1
0.47,-18.49,52.9,49.3899993896,49.28538620000001,-123.1124186,1
0.46,-18.49,52.9,49.3899993896,49.2853888,-123.1124131,1
0.44,-18.46,52.9,49.3899993896,49.28539129999999,-123.1124075,1
0.43,-18.43,52.9,49.3899993896,49.2853941,-123.1124019,1
0.42,-18.41,52.9,49.3899993896,49.2853967,-123.1123963,1
0.4,-18.38,52.9,49.3899993896,49.2853992,-123.1123907,1
0.38,-18.35,52.9,49.3899993896,49.28540200000001,-123.1123851,1
0.36,-18.33,52.9,49.3899993896,49.2854046,-123.1123795,1
0.39,-18.37,52.9,49.3899993896,49.2854071,-123.112374,0
0.45,-18.44,52.89,49.3899993896,49.2854099,-123.1123684,1
0.5,-18.48,52.89,49.3899993896,49.2854125,-123.1123628,1
0.51,-18.48,52.88,49.3899993896,49.285415,-123.1123572,1
0.49,-18.46,52.88,49.3899993896,49.2854178,-123.11235159999998,1
0.44,-18.42,52.88,49.3899993896,49.2854204,-123.1123459,1
0.39,-18.39,52.88,49.3899993896,49.2854229,-123.1123404,1
0.37,-18.38,52.88,49.3899993896,49.2854255,-123.11233490000002,1
0.36,-18.39,52.88,49.3899993896,49.2854282,-123.1123293,1
0.37,-18.41,52.88,49.3899993896,49.28543079999999,-123.1123237,1
0.42,-18.47,52.88,49.3899993896,49.2854334,-123.11231809999998,1
0.48,-18.53,52.88,49.3899993896,49.28543610000001,-123.1123124,1
0.5,-18.54,52.88,49.38000106810001,49.28543870000001,-123.1123069,1
0.48,-18.48,52.88,49.38000106810001,49.2854412,-123.1123013,1
0.41,-18.39,52.88,49.38000106810001,49.2854439,-123.1122957,1
0.35,-18.32,52.88,49.38000106810001,49.2854466,-123.11229009999998,1
0.3,-18.29,52.87,49.38000106810001,49.2854491,-123.1122846,1
0.27,-18.29,52.86,49.38000106810001,49.2854518,-123.112279,1
0.33,-18.37,52.84,49.38000106810001,49.285457,-123.11226770000002,1
0.43,-18.47,52.82,49.38000106810001,49.2854596,-123.1122622,1
0.51,-18.53,52.82,49.38000106810001,49.2854623,-123.11225659999998,1
0.54,-18.55,52.81,49.38000106810001,49.2854649,-123.112251,1
0.54,-18.55,52.81,49.38000106810001,49.2854675,-123.11224540000002,1
0.5,-18.52,52.81,49.38000106810001,49.285470200000006,-123.1122399,1
0.44,-18.46,52.81,49.38000106810001,49.2854728,-123.11223429999998,1
0.37,-18.38,52.81,49.38000106810001,49.2854753,-123.1122287,1
0.31,-18.35,52.81,49.38000106810001,49.2854781,-123.1122231,1
0.33,-18.37,52.8,49.38000106810001,49.2854807,-123.1122175,1
0.41,-18.43,52.8,49.38000106810001,49.28548320000001,-123.1122119,1
0.49,-18.5,52.79,49.38000106810001,49.285486,-123.1122064,0
0.56,-18.57,52.79,49.38000106810001,49.2854886,-123.1122008,0
0.56,-18.6,52.78,49.38000106810001,49.2854911,-123.1121951,1
0.53,-18.58,52.78,49.38000106810001,49.2854939,-123.1121896,1
0.47,-18.54,52.78,49.38000106810001,49.2854965,-123.112184,1
0.42,-18.44,52.78,49.38000106810001,49.285499,-123.11217849999998,1
0.37,-18.34,52.77,49.38000106810001,49.28550170000001,-123.1121729,1
0.37,-18.28,52.77,49.38000106810001,49.2855044,-123.1121673,1
0.39,-18.29,52.77,49.38000106810001,49.2855069,-123.1121617,1
0.44,-18.38,52.77,49.38000106810001,49.2855097,-123.112156,0
0.51,-18.5,52.77,49.38000106810001,49.28551229999999,-123.11215049999998,1
0.57,-18.58,52.77,49.38000106810001,49.2855148,-123.1121449,1
0.59,-18.6,52.77,49.38000106810001,49.28551760000001,-123.1121393,1
0.58,-18.57,52.77,49.36999893189999,49.28552020000001,-123.1121337,1
0.53,-18.49,52.77,49.36999893189999,49.2855227,-123.1121282,1
0.46,-18.37,52.77,49.36999893189999,49.2855255,-123.1121226,1
0.4,-18.29,52.77,49.38000106810001,49.2855281,-123.112117,1
0.37,-18.27,52.77,49.38000106810001,49.2855306,-123.1121114,1
0.39,-18.3,52.77,49.38000106810001,49.2855334,-123.1121058,1
0.46,-18.4,52.77,49.38000106810001,49.285536,-123.1121002,1
0.54,-18.52,52.76,49.38000106810001,49.2855385,-123.1120946,1
0.58,-18.59,52.76,49.38000106810001,49.2855412,-123.11208899999998,1
0.56,-18.57,52.76,49.38000106810001,49.2855439,-123.1120835,1
0.49,-18.45,52.75,49.38000106810001,49.2855464,-123.1120779,1
0.42,-18.32,52.75,49.38000106810001,49.2855491,-123.1120723,1
0.39,-18.25,52.74,49.38000106810001,49.2855518,-123.1120667,1
0.39,-18.24,52.74,49.38000106810001,49.2855543,-123.1120611,1
0.4,-18.28,52.73,49.38000106810001,49.285557,-123.1120555,1
0.43,-18.34,52.72,49.38000106810001,49.2855596,-123.1120499,1
0.49,-18.42,52.71,49.38000106810001,49.2855622,-123.1120443,0
0.55,-18.47,52.71,49.38000106810001,49.2855649,-123.1120387,0
0.59,-18.46,52.71,49.38000106810001,49.2855675,-123.1120331,1
0.57,-18.41,52.71,49.38000106810001,49.2855701,-123.1120275,1
0.49,-18.34,52.71,49.38000106810001,49.2855728,-123.1120218,1
0.41,-18.27,52.71,49.38000106810001,49.2855754,-123.1120163,1
0.38,-18.27,52.71,49.38000106810001,49.285578,-123.1120108,1
0.42,-18.34,52.71,49.38000106810001,49.2855805,-123.1120052,1
0.48,-18.45,52.7,49.38000106810001,49.28558320000001,-123.1119996,1
0.51,-18.53,52.7,49.38000106810001,49.2855859,-123.111994,1
0.5,-18.55,52.69,49.38000106810001,49.2855884,-123.1119885,1
0.49,-18.56,52.69,49.38000106810001,49.28559110000001,-123.11198290000002,1
0.48,-18.55,52.68,49.38000106810001,49.28559370000001,-123.1119773,1
0.5,-18.54,52.68,49.38000106810001,49.28559620000001,-123.1119717,1
0.52,-18.54,52.68,49.38000106810001,49.2855988,-123.1119662,1
0.54,-18.53,52.67,49.38000106810001,49.2856015,-123.1119606,1
0.55,-18.52,52.67,49.38000106810001,49.2856041,-123.111955,1
0.56,-18.5,52.67,49.38000106810001,49.2856067,-123.1119495,1
0.56,-18.46,52.67,49.38000106810001,49.2856094,-123.1119439,1
0.52,-18.38,52.67,49.36999893189999,49.285612,-123.1119383,1
0.45,-18.27,52.66,49.36999893189999,49.2856145,-123.1119327,1
0.38,-18.22,52.66,49.36999893189999,49.2856173,-123.111927,0
0.35,-18.21,52.65,49.36999893189999,49.28561989999999,-123.1119215,1
0.39,-18.28,52.64,49.36999893189999,49.2856224,-123.1119159,1
0.47,-18.39,52.63,49.36999893189999,49.2856251,-123.1119103,1
0.53,-18.48,52.62,49.36999893189999,49.2856277,-123.1119047,1
0.56,-18.52,52.61,49.36999893189999,49.2856303,-123.1118992,1
0.57,-18.54,52.61,49.36999893189999,49.285633,-123.1118935,1
0.56,-18.51,52.61,49.36999893189999,49.285635600000006,-123.111888,1
0.54,-18.46,52.6,49.36999893189999,49.2856382,-123.1118824,1
0.51,-18.42,52.6,49.36999893189999,49.2856407,-123.1118769,1
0.49,-18.41,52.6,49.36999893189999,49.2856434,-123.1118713,1
0.48,-18.41,52.6,49.36999893189999,49.285646,-123.1118657,1
0.49,-18.43,52.59,49.36999893189999,49.2856486,-123.1118602,1
0.51,-18.46,52.59,49.36999893189999,49.2856513,-123.1118546,1
0.52,-18.49,52.59,49.36999893189999,49.2856539,-123.111849,1
0.53,-18.5,52.59,49.36999893189999,49.2856564,-123.1118434,1
0.52,-18.51,52.59,49.36999893189999,49.2856592,-123.1118379,1
0.51,-18.5,52.58,49.36999893189999,49.28566179999999,-123.1118323,1
0.47,-18.46,52.58,49.36999893189999,49.2856643,-123.1118267,1
0.39,-18.37,52.58,49.36999893189999,49.28566710000001,-123.1118211,1
0.32,-18.31,52.57,49.36999893189999,49.28566970000001,-123.1118155,1
0.31,-18.29,52.56,49.36999893189999,49.2856723,-123.1118099,1
0.39,-18.36,52.55,49.36999893189999,49.285675,-123.1118043,1
0.48,-18.46,52.54,49.36999893189999,49.2856776,-123.1117987,1
0.56,-18.52,52.53,49.36999893189999,49.2856802,-123.1117932,1
0.58,-18.52,52.52,49.36999893189999,49.2856829,-123.1117876,1
0.56,-18.48,52.52,49.36999893189999,49.2856855,-123.111782,1
0.53,-18.44,52.51,49.36999893189999,49.285688,-123.1117765,1
0.5,-18.41,52.51,49.36999893189999,49.2856908,-123.1117709,1
0.48,-18.41,52.51,49.36999893189999,49.2856934,-123.1117652,0
0.46,-18.42,52.5,49.36999893189999,49.2856959,-123.1117597,0
0.47,-18.44,52.5,49.36999893189999,49.28569870000001,-123.1117542,1
0.49,-18.48,52.5,49.36999893189999,49.2857013,-123.1117486,1
0.5,-18.49,52.51,49.36999893189999,49.28570379999999,-123.111743,1
0.5,-18.48,52.51,49.36999893189999,49.2857066,-123.1117374,1
0.49,-18.46,52.52,49.36999893189999,49.2857092,-123.1117319,1
0.49,-18.45,52.52,49.36999893189999,49.2857117,-123.1117263,1
0.48,-18.45,52.52,49.36999893189999,49.28571450000001,-123.1117207,1
0.48,-18.46,52.52,49.36999893189999,49.28571710000001,-123.1117152,1
0.49,-18.47,52.52,49.36999893189999,49.2857196,-123.11170959999998,1
0.5,-18.49,52.52,49.36999893189999,49.2857224,-123.111704,1
0.51,-18.5,52.53,49.36999893189999,49.285725,-123.11169840000002,1
0.53,-18.49,52.53,49.36999893189999,49.2857276,-123.1116928,1
0.56,-18.48,52.52,49.36999893189999,49.2857303,-123.1116872,1
0.57,-18.47,52.52,49.36999893189999,49.2857329,-123.1116817,1
0.56,-18.44,52.53,49.36999893189999,49.2857355,-123.1116761,1
0.53,-18.4,52.53,49.36999893189999,49.2857382,-123.1116705,1
0.5,-18.37,52.53,49.36999893189999,49.2857408,-123.1116649,1
0.5,-18.37,52.53,49.36999893189999,49.2857434,-123.1116593,1
0.52,-18.39,52.53,49.36999893189999,49.2857461,-123.1116537,1
0.55,-18.4,52.53,49.36999893189999,49.2857487,-123.1116481,1
0.56,-18.4,52.53,49.36999893189999,49.2857513,-123.1116424,1
0.56,-18.43,52.53,49.36999893189999,49.285754,-123.1116369,1
0.54,-18.45,52.53,49.36999893189999,49.2857566,-123.1116313,1
0.51,-18.45,52.53,49.36999893189999,49.2857592,-123.1116257,1
0.5,-18.43,52.53,49.36999893189999,49.2857619,-123.11162009999998,1
0.51,-18.42,52.53,49.36999893189999,49.2857645,-123.1116144,1
0.51,-18.42,52.53,49.38000106810001,49.2857671,-123.11160890000002,1
0.52,-18.44,52.53,49.38000106810001,49.2857698,-123.1116033,1
0.52,-18.46,52.52,49.38000106810001,49.2857724,-123.1115977,0
0.54,-18.46,52.52,49.38000106810001,49.285775,-123.11159209999998,1
0.55,-18.44,52.51,49.38000106810001,49.2857775,-123.1115865,0
0.54,-18.42,52.51,49.38000106810001,49.2857803,-123.1115809,1
0.51,-18.4,52.5,49.38000106810001,49.2857829,-123.1115753,1
0.5,-18.4,52.5,49.38000106810001,49.2857855,-123.1115697,1
0.49,-18.39,52.49,49.38000106810001,49.285788200000006,-123.11156409999998,1
0.51,-18.4,52.48,49.38000106810001,49.2857908,-123.1115585,1
0.55,-18.4,52.48,49.38000106810001,49.2857934,-123.1115529,1
0.58,-18.39,52.47,49.38000106810001,49.2857961,-123.1115473,0
0.59,-18.38,52.47,49.38000106810001,49.2857987,-123.11154170000002,0
0.59,-18.41,52.46,49.38000106810001,49.2858013,-123.1115361,1
0.58,-18.45,52.46,49.38000106810001,49.285804,-123.11153059999998,1
0.56,-18.46,52.46,49.38000106810001,49.2858066,-123.111525,1
0.53,-18.47,52.46,49.38000106810001,49.2858091,-123.11151940000002,1
0.52,-18.48,52.46,49.38000106810001,49.2858119,-123.1115138,1
0.51,-18.51,52.46,49.38000106810001,49.2858145,-123.1115082,1
0.53,-18.53,52.46,49.38000106810001,49.285817,-123.11150259999998,1
0.55,-18.55,52.46,49.38000106810001,49.2858198,-123.1114971,1
0.55,-18.54,52.45,49.38000106810001,49.2858224,-123.1114915,1
0.52,-18.5,52.45,49.38000106810001,49.2858249,-123.11148590000002,1
0.47,-18.45,52.45,49.38000106810001,49.2858277,-123.1114803,1
0.43,-18.39,52.45,49.38000106810001,49.28583029999999,-123.1114746,1
0.44,-18.36,52.44,49.38000106810001,49.2858328,-123.1114691,1
0.48,-18.34,52.43,49.38000106810001,49.2858355,-123.1114635,1
0.52,-18.35,52.43,49.38000106810001,49.2858382,-123.11145790000002,1
0.56,-18.37,52.42,49.38000106810001,49.2858407,-123.1114523,1
0.6,-18.39,52.41,49.38000106810001,49.2858435,-123.1114466,1
0.64,-18.39,52.41,49.38000106810001,49.2858461,-123.11144109999998,1
0.67,-18.4,52.4,49.38000106810001,49.2858486,-123.1114355,1
0.66,-18.4,52.4,49.38000106810001,49.2858514,-123.1114299,0
0.62,-18.4,52.41,49.3899993896,49.285854,-123.1114243,1
0.6,-18.41,52.41,49.3899993896,49.2858565,-123.1114186,1
0.59,-18.41,52.41,49.3899993896,49.2858592,-123.1114131,1
0.58,-18.42,52.42,49.3899993896,49.2858619,-123.1114075,1
0.6,-18.43,52.42,49.3899993896,49.2858644,-123.1114019,1
0.64,-18.45,52.43,49.3899993896,49.2858671,-123.1113963,1
0.72,-18.5,52.43,49.3899993896,49.2858698,-123.1113908,1
0.77,-18.54,52.43,49.3899993896,49.2858723,-123.1113852,1
0.71,-18.48,52.42,49.38000106810001,49.285875,-123.1113796,1
0.58,-18.37,52.42,49.38000106810001,49.2858777,-123.111374,0
0.46,-18.28,52.42,49.38000106810001,49.2858802,-123.11136840000002,1
0.4,-18.24,52.41,49.38000106810001,49.2858829,-123.1113628,1
0.4,-18.26,52.4,49.38000106810001,49.2858856,-123.1113572,1
0.44,-18.3,52.39,49.38000106810001,49.2858881,-123.11135159999998,1
0.52,-18.4,52.38,49.38000106810001,49.2858908,-123.111346,1
0.66,-18.54,52.36,49.38000106810001,49.2858935,-123.1113404,1
0.78,-18.66,52.35,49.38000106810001,49.285896,-123.11133490000002,1
0.83,-18.71,52.34,49.38000106810001,49.2858987,-123.1113294,1
0.77,-18.63,52.34,49.38000106810001,49.2859014,-123.1113238,1
0.62,-18.41,52.34,49.38000106810001,49.2859039,-123.1113182,1
0.47,-18.21,52.35,49.38000106810001,49.2859065,-123.1113126,1
0.39,-18.12,52.35,49.38000106810001,49.2859093,-123.111307,1
0.37,-18.14,52.35,49.38000106810001,49.2859118,-123.1113013,1
0.4,-18.22,52.35,49.38000106810001,49.2859144,-123.1112958,1
0.5,-18.36,52.35,49.38000106810001,49.2859172,-123.1112902,1
0.65,-18.54,52.34,49.38000106810001,49.2859197,-123.1112847,1
0.78,-18.67,52.33,49.38000106810001,49.2859223,-123.1112791,1
0.84,-18.67,52.33,49.38000106810001,49.2859251,-123.1112736,1
0.77,-18.53,52.33,49.38000106810001,49.2859276,-123.111268,1
0.6,-18.33,52.33,49.38000106810001,49.2859302,-123.1112624,0
0.46,-18.18,52.33,49.38000106810001,49.2859329,-123.1112568,0
0.41,-18.12,52.33,49.38000106810001,49.2859355,-123.1112512,1
0.44,-18.15,52.33,49.38000106810001,49.2859381,-123.1112456,1
0.57,-18.28,52.33,49.38000106810001,49.2859408,-123.11124,1
0.75,-18.45,52.33,49.38000106810001,49.2859434,-123.1112345,1
0.88,-18.58,52.33,49.38000106810001,49.285946,-123.1112289,1
0.91,-18.62,52.33,49.38000106810001,49.28594879999999,-123.1112233,1
0.8,-18.54,52.34,49.38000106810001,49.2859513,-123.1112178,1
0.6,-18.37,52.34,49.38000106810001,49.2859539,-123.1112122,0
0.44,-18.23,52.35,49.38000106810001,49.2859566,-123.1112066,0
0.31,-18.2,52.35,49.38000106810001,49.2859592,-123.111201,1
0.34,-18.18,52.34,49.38000106810001,49.2859618,-123.1111954,1
0.48,-18.22,52.34,49.38000106810001,49.2859645,-123.1111898,1
0.69,-18.34,52.33,49.38000106810001,49.2859671,-123.1111842,1
0.87,-18.5,52.32,49.38000106810001,49.2859697,-123.1111787,1
0.93,-18.63,52.31,49.38000106810001,49.2859724,-123.111173,1
0.81,-18.74,52.31,49.38000106810001,49.285975,-123.1111675,1
0.58,-18.73,52.31,49.38000106810001,49.2859775,-123.111162,1
0.35,-18.59,52.32,49.38000106810001,49.2859802,-123.1111564,1
0.28,-18.39,52.32,49.38000106810001,49.2859828,-123.1111508,1
0.39,-18.17,52.32,49.38000106810001,49.2859854,-123.1111452,1
0.58,-18.04,52.32,49.38000106810001,49.2859881,-123.1111396,1
0.75,-18.04,52.32,49.38000106810001,49.2859907,-123.111134,1
0.85,-18.17,52.31,49.38000106810001,49.2859933,-123.1111285,1
0.94,-18.38,52.3,49.38000106810001,49.285996,-123.1111229,1
0.98,-18.57,52.3,49.38000106810001,49.285998600000006,-123.1111174,1
0.87,-18.69,52.31,49.38000106810001,49.2860012,-123.1111118,1
0.58,-18.68,52.31,49.38000106810001,49.2860037,-123.1111062,1
0.3,-18.54,52.32,49.38000106810001,49.2860064,-123.1111006,1
0.23,-18.34,52.32,49.3899993896,49.2860091,-123.111095,0
0.37,-18.16,52.31,49.3899993896,49.2860116,-123.1110894,1
0.57,-18.1,52.3,49.3899993896,49.2860143,-123.1110838,1
0.75,-18.19,52.29,49.3899993896,49.286017,-123.1110782,1
0.89,-18.39,52.27,49.3899993896,49.2860195,-123.1110727,1
0.96,-18.57,52.26,49.3899993896,49.2860222,-123.1110671,1
0.92,-18.66,52.25,49.3899993896,49.2860248,-123.1110616,1
0.7,-18.67,52.25,49.3899993896,49.2860273,-123.111056,1
0.36,-18.61,52.25,49.3899993896,49.2860299,-123.1110504,1
0.09,-18.53,52.25,49.3899993896,49.2860326,-123.1110447,1
0.05,-18.41,52.25,49.38000106810001,49.2860352,-123.1110392,1
0.26,-18.29,52.25,49.38000106810001,49.2860378,-123.11103359999998,1
0.54,-18.21,52.24,49.38000106810001,49.28604050000001,-123.111028,1
0.79,-18.25,52.23,49.38000106810001,49.2860431,-123.1110224,1
0.96,-18.42,52.22,49.38000106810001,49.2860457,-123.1110169,1
1.01,-18.57,52.22,49.38000106810001,49.2860484,-123.1110113,1
0.9,-18.62,52.22,49.38000106810001,49.286051,-123.1110058,1
0.67,-18.51,52.22,49.38000106810001,49.2860536,-123.1110002,1
0.45,-18.34,52.23,49.38000106810001,49.2860563,-123.1109945,1
0.33,-18.2,52.23,49.38000106810001,49.2860589,-123.1109889,1
0.35,-18.16,52.24,49.38000106810001,49.2860615,-123.1109833,1
0.42,-18.19,52.23,49.38000106810001,49.28606420000001,-123.1109777,1
0.53,-18.29,52.23,49.38000106810001,49.28606679999999,-123.1109722,1
0.68,-18.47,52.22,49.38000106810001,49.2860694,-123.1109666,1
0.82,-18.64,52.22,49.38000106810001,49.28607210000001,-123.1109611,1
0.9,-18.71,52.22,49.38000106810001,49.2860747,-123.1109555,1
0.86,-18.65,52.22,49.38000106810001,49.2860773,-123.1109499,1
0.72,-18.46,52.22,49.38000106810001,49.28608,-123.1109443,1
0.56,-18.27,52.23,49.38000106810001,49.2860826,-123.1109387,1
0.46,-18.18,52.23,49.38000106810001,49.2860852,-123.1109331,0
0.44,-18.17,52.24,49.38000106810001,49.2860879,-123.1109275,0
0.47,-18.24,52.24,49.38000106810001,49.2860905,-123.1109219,1
0.56,-18.33,52.23,49.38000106810001,49.2860931,-123.1109164,1
0.71,-18.48,52.23,49.38000106810001,49.2860958,-123.1109108,1
0.87,-18.61,52.23,49.38000106810001,49.2860984,-123.1109053,1
0.96,-18.66,52.23,49.38000106810001,49.286101,-123.1108997,1
0.92,-18.59,52.24,49.36999893189999,49.2861037,-123.11089409999998,1
0.79,-18.41,52.25,49.36999893189999,49.28610629999999,-123.1108885,1
0.64,-18.24,52.25,49.36999893189999,49.2861089,-123.11088290000002,1
0.55,-18.17,52.26,49.36999893189999,49.28611160000001,-123.1108773,0
0.54,-18.2,52.26,49.36999893189999,49.2861143,-123.1108717,1
0.57,-18.27,52.25,49.36999893189999,49.2861168,-123.11086609999998,1
0.61,-18.36,52.25,49.36999893189999,49.2861195,-123.1108605,1
0.69,-18.46,52.24,49.36999893189999,49.2861222,-123.1108549,1
0.78,-18.55,52.23,49.36999893189999,49.2861247,-123.1108494,1
0.83,-18.58,52.22,49.36999893189999,49.2861274,-123.1108438,1
0.8,-18.54,52.22,49.36999893189999,49.2861301,-123.1108382,1
0.74,-18.46,52.22,49.36999893189999,49.2861326,-123.1108326,1
0.69,-18.42,52.22,49.36999893189999,49.2861353,-123.110827,1
0.6,-18.44,52.22,49.36999893189999,49.28613789999999,-123.11082140000002,1
0.53,-18.48,52.22,49.36999893189999,49.2861405,-123.1108158,1
0.53,-18.51,52.22,49.36999893189999,49.28614320000001,-123.1108102,1
0.56,-18.51,52.22,49.36999893189999,49.2861458,-123.11080459999998,1
0.63,-18.5,52.21,49.36999893189999,49.2861484,-123.110799,1
0.68,-18.48,52.21,49.36999893189999,49.2861511,-123.1107934,1
0.67,-18.45,52.2,49.36999893189999,49.2861537,-123.1107878,1
0.64,-18.41,52.19,49.36999893189999,49.2861563,-123.1107822,1
0.63,-18.38,52.19,49.36999893189999,49.28615900000001,-123.11077659999998,1
0.64,-18.38,52.18,49.36999893189999,49.28616160000001,-123.110771,1
0.65,-18.39,52.17,49.36999893189999,49.2861642,-123.1107654,1
0.67,-18.39,52.16,49.36999893189999,49.2861669,-123.1107597,0
0.68,-18.41,52.15,49.36999893189999,49.2861695,-123.1107541,1
0.66,-18.44,52.14,49.36999893189999,49.2861721,-123.1107486,1
0.63,-18.46,52.14,49.36999893189999,49.2861748,-123.110743,1
0.61,-18.47,52.13,49.36999893189999,49.2861774,-123.1107374,1
0.59,-18.45,52.13,49.36999893189999,49.28618,-123.1107318,1
0.61,-18.42,52.13,49.36999893189999,49.28618270000001,-123.1107261,1
0.63,-18.43,52.13,49.36999893189999,49.28618529999999,-123.1107206,1
0.64,-18.45,52.13,49.36999893189999,49.2861879,-123.11071499999998,0
0.65,-18.47,52.13,49.36999893189999,49.28619060000001,-123.1107094,1
0.66,-18.47,52.13,49.36999893189999,49.2861932,-123.1107038,1
0.66,-18.46,52.12,49.36999893189999,49.2861958,-123.1106981,1
0.66,-18.46,52.12,49.36999893189999,49.2861985,-123.1106926,1
0.68,-18.45,52.12,49.36999893189999,49.2862011,-123.110687,1
0.72,-18.44,52.11,49.36999893189999,49.2862037,-123.1106814,1
0.74,-18.44,52.11,49.36999893189999,49.28620640000001,-123.1106758,1
0.73,-18.45,52.11,49.36999893189999,49.286209,-123.1106702,1
0.71,-18.45,52.11,49.36999893189999,49.2862116,-123.1106646,1
0.68,-18.45,52.11,49.36999893189999,49.2862143,-123.110659,1
0.64,-18.42,52.1,49.36999893189999,49.2862169,-123.1106534,1
0.62,-18.37,52.1,49.36999893189999,49.2862195,-123.1106477,1
0.6,-18.28,52.1,49.36999893189999,49.2862222,-123.1106421,1
0.61,-18.15,52.1,49.36999893189999,49.2862248,-123.1106365,1
0.61,-17.99,52.09,49.36999893189999,49.2862274,-123.11063090000002,1
0.61,-17.83,52.09,49.36999893189999,49.2862301,-123.1106254,1
0.65,-17.65,52.1,49.36999893189999,49.286232700000006,-123.11061979999998,1
0.71,-17.46,52.1,49.36999893189999,49.2862353,-123.1106143,1
0.76,-17.24,52.11,49.36999893189999,49.2862378,-123.1106088,1
0.75,-16.96,52.12,49.36999893189999,49.28624050000001,-123.1106033,1
0.69,-16.61,52.14,49.36999893189999,49.286243,-123.1105978,0
0.63,-16.25,52.16,49.36999893189999,49.2862456,-123.1105923,1
0.63,-15.95,52.18,49.36999893189999,49.286248,-123.1105869,1
0.71,-15.7,52.21,49.36999893189999,49.2862505,-123.1105815,1
0.8,-15.42,52.23,49.36999893189999,49.286253,-123.1105761,1
0.87,-15.07,52.26,49.36999893189999,49.2862555,-123.1105708,1
0.89,-14.68,52.3,49.36999893189999,49.2862581,-123.1105656,1
0.88,-14.26,52.34,49.38000106810001,49.2862605,-123.1105604,1
0.86,-13.83,52.38,49.38000106810001,49.2862628,-123.1105552,1
0.84,-13.39,52.43,49.38000106810001,49.2862651,-123.1105501,1
0.81,-12.92,52.48,49.38000106810001,49.2862675,-123.11054509999998,1
0.79,-12.43,52.53,49.38000106810001,49.2862698,-123.1105402,0
0.79,-11.92,52.59,49.38000106810001,49.28627210000001,-123.1105352,1
0.83,-11.38,52.66,49.38000106810001,49.2862742,-123.1105303,1
0.86,-10.77,52.73,49.38000106810001,49.2862764,-123.1105257,1
0.86,-10.1,52.81,49.38000106810001,49.2862784,-123.1105211,1
0.84,-9.39,52.9,49.38000106810001,49.28628060000001,-123.1105166,1
0.85,-8.71,53.0,49.38000106810001,49.2862826,-123.1105121,1
0.87,-8.09,53.11,49.38000106810001,49.2862845,-123.1105078,1
0.9,-7.5,53.22,49.38000106810001,49.28628629999999,-123.1105036,1
0.9,-6.94,53.35,49.3899993896,49.2862881,-123.11049950000002,1
0.89,-6.4,53.5,49.3899993896,49.28629,-123.1104955,1
0.87,-5.85,53.65,49.3899993896,49.28629160000001,-123.1104917,1
0.85,-5.27,53.82,49.3899993896,49.2862932,-123.1104879,0
0.82,-4.67,54.0,49.3899993896,49.2862948,-123.11048429999998,1
0.8,-4.05,54.2,49.3899993896,49.2862962,-123.1104809,1
0.76,-3.39,54.41,49.3899993896,49.2862977,-123.1104774,1
0.75,-2.69,54.63,49.3899993896,49.2862991,-123.1104743,1
0.74,-1.96,54.88,49.4000015259,49.28630029999999,-123.1104713,1
0.76,-1.2,55.15,49.4000015259,49.2863015,-123.1104683,1
0.76,-0.41,55.43,49.4000015259,49.2863027,-123.1104656,1
0.73,0.46,55.71,49.4000015259,49.2863037,-123.110463,0
0.69,1.46,55.94,49.4000015259,49.2863046,-123.1104604,1
0.68,2.62,56.1,49.4000015259,49.28630560000001,-123.1104583,1
0.65,3.77,56.19,49.4000015259,49.2863064,-123.1104561,1
0.63,4.7,56.2,49.4000015259,49.286307,-123.1104543,1
0.58,5.26,56.14,49.4000015259,49.2863076,-123.1104525,1
0.51,5.49,56.04,49.409999847399995,49.28630820000001,-123.1104511,1
0.4,5.47,55.9,49.409999847399995,49.286308700000006,-123.11044979999998,1
0.28,5.31,55.76,49.409999847399995,49.286309,-123.1104487,1
0.14,5.1,55.63,49.409999847399995,49.2863094,-123.1104478,1
