Roll,Pitch,Yaw,Alt,Lat,Lng
0.0,0.0,353.0,584.090026855,-35.363261,149.1652299
0.0,0.0,353.0,584.090026855,-35.363261,149.1652299
0.0,0.0,353.0,584.090026855,-35.363261,149.1652299
0.0,0.0,353.0,584.090026855,-35.363261,149.1652299
0.0,0.0,353.0,584.090026855,-35.363261,149.1652299
0.0,0.0,353.0,584.090026855,-35.363261,149.1652299
0.0,0.0,353.0,584.090026855,-35.363261,149.1652299
0.0,0.0,353.0,584.090026855,-35.363261,149.1652299
0.0,0.0,353.0,584.090026855,-35.363261,149.1652299
0.0,0.0,353.0,584.090026855,-35.363261,149.1652299
0.0,0.0,353.0,584.090026855,-35.363261,149.1652299
0.0,0.0,353.0,584.090026855,-35.363261,149.1652299
0.0,0.0,353.0,584.090026855,-35.363261,149.1652299
0.0,0.0,353.0,584.090026855,-35.363261,149.1652299
0.0,0.0,353.0,584.090026855,-35.363261,149.1652299
0.0,0.0,353.0,584.090026855,-35.363261,149.1652299
0.0,0.0,353.0,584.090026855,-35.363261,149.1652299
0.0,0.0,353.0,584.090026855,-35.363261,149.1652299
0.0,0.0,353.0,584.090026855,-35.363261,149.1652299
0.0,0.0,353.0,584.090026855,-35.363261,149.1652299
0.0,0.0,353.0,584.090026855,-35.363261,149.1652299
0.0,0.0,353.0,584.090026855,-35.363261,149.1652299
0.0,0.0,353.0,584.090026855,-35.363261,149.1652299
0.0,0.0,353.0,584.090026855,-35.363261,149.1652299
0.0,0.0,353.0,584.090026855,-35.363261,149.1652299
0.0,0.0,353.0,584.090026855,-35.363261,149.1652299
0.0,0.0,353.0,584.090026855,-35.363261,149.1652299
0.0,0.0,353.0,584.090026855,-35.363261,149.1652299
0.0,0.0,353.0,584.090026855,-35.363261,149.1652299
0.0,0.0,353.0,584.090026855,-35.363261,149.1652299
0.0,0.0,353.0,584.090026855,-35.363261,149.1652299
0.0,0.0,353.0,584.090026855,-35.363261,149.1652299
0.0,0.0,353.0,584.090026855,-35.363261,149.1652299
0.0,0.0,353.0,584.090026855,-35.363261,149.1652299
0.0,0.0,353.0,584.090026855,-35.363261,149.1652299
0.0,0.0,353.0,584.090026855,-35.363261,149.1652299
0.0,0.0,353.0,584.090026855,-35.363261,149.1652299
0.0,0.0,353.0,584.090026855,-35.363261,149.1652299
0.0,0.0,353.0,584.099975586,-35.363261,149.1652299
0.0,0.0,353.0,584.099975586,-35.363261,149.1652299
0.0,0.0,353.0,584.109985352,-35.363261,149.1652299
0.0,0.0,353.0,584.1300048830001,-35.363261,149.1652299
0.0,0.0,353.0,584.159973145,-35.363261,149.1652299
0.0,0.0,353.0,584.200012207,-35.363261,149.1652299
-0.01,0.0,352.99,584.2399902340001,-35.363261,149.1652299
-0.06,-0.02,352.99,584.33001709,-35.363261,149.1652299
-0.12,-0.03,352.99,584.4699707030001,-35.363261,149.1652299
-0.16,-0.03,352.99,584.6300048830001,-35.363261,149.1652299
-0.18,-0.01,352.99,584.789978027,-35.363261,149.1652299
-0.17,0.0,352.98,584.9400024409999,-35.363261,149.1652299
-0.14,0.01,352.98,585.090026855,-35.363261,149.1652299
-0.1,0.01,352.98,585.25,-35.363261,149.1652299
-0.06,0.0,352.98,585.409973145,-35.363261,149.1652299
-0.01,-0.03,352.98,585.58001709,-35.363261,149.1652299
0.0,-0.05,352.98,585.7600097659999,-35.363261,149.1652299
-0.01,-0.07,352.98,585.9400024409999,-35.363261,149.1652299
-0.01,-0.07,352.98,586.1199951169999,-35.363261,149.1652299
0.01,-0.05,352.98,586.3099975590001,-35.363261,149.16522980000005
0.05,-0.02,352.98,586.5,-35.363261,149.16522980000005
0.06,0.0,352.98,586.700012207,-35.363261,149.16522980000005
0.07,0.02,352.98,586.890014648,-35.363261,149.16522980000005
0.06,0.0,352.98,587.090026855,-35.363261,149.16522980000005
0.02,-0.02,352.98,587.299987793,-35.363261,149.16522980000005
0.0,-0.02,352.98,587.5,-35.363261,149.16522980000005
-0.01,-0.01,352.98,587.710021973,-35.363261,149.16522980000005
-0.01,0.0,352.98,587.909973145,-35.363261,149.16522980000005
0.0,0.02,352.97,588.1199951169999,-35.363261,149.16522980000005
0.04,0.03,352.97,588.33001709,-35.363261,149.16522980000005
0.06,0.02,352.97,588.539978027,-35.363261,149.16522980000005
0.04,-0.01,352.97,588.7600097659999,-35.363261,149.16522980000005
0.0,-0.05,352.97,588.9699707030001,-35.363261,149.16522980000005
-0.02,-0.09,352.97,589.179992676,-35.363261,149.16522980000005
-0.04,-0.11,352.97,589.400024414,-35.363261,149.16522980000005
-0.05,-0.12,352.97,589.6199951169999,-35.363261,149.16522980000005
-0.05,-0.13,352.96,589.840026855,-35.363261,149.16522980000005
-0.05,-0.13,352.96,590.0599975590001,-35.363261,149.16522980000005
-0.07,-0.13,352.96,590.2800292969999,-35.3632609,149.16522980000005
-0.08,-0.15,352.96,590.5,-35.3632609,149.16522980000005
-0.07,-0.17,352.96,590.7199707030001,-35.3632609,149.16522980000005
-0.06,-0.15,352.95,590.9400024409999,-35.3632609,149.16522980000005
-0.06,-0.12,352.95,591.159973145,-35.3632609,149.16522980000005
-0.08,-0.1,352.95,591.390014648,-35.3632609,149.16522969999997
-0.1,-0.07,352.95,591.609985352,-35.3632609,149.16522969999997
-0.12,-0.06,352.95,591.840026855,-35.3632609,149.16522969999997
-0.13,-0.05,352.95,592.0599975590001,-35.36326079999999,149.16522969999997
-0.13,-0.04,352.95,592.289978027,-35.36326079999999,149.16522969999997
-0.14,-0.04,352.94,592.5100097659999,-35.36326079999999,149.16522969999997
-0.14,-0.02,352.94,592.729980469,-35.36326079999999,149.16522969999997
-0.13,0.0,352.94,592.950012207,-35.36326079999999,149.16522959999998
-0.11,0.03,352.93,593.150024414,-35.36326079999999,149.16522959999998
-0.09,0.04,352.93,593.340026855,-35.36326079999999,149.16522959999998
-0.06,0.02,352.93,593.520019531,-35.36326070000001,149.16522959999998
-0.04,0.0,352.93,593.6900024409999,-35.36326070000001,149.16522959999998
-0.04,-0.01,352.93,593.849975586,-35.36326070000001,149.1652294
-0.18,-0.07,352.93,593.9899902340001,-35.36326070000001,149.1652294
-0.55,-0.19,352.92,594.1300048830001,-35.36326070000001,149.1652294
-1.21,-0.4,352.93,594.25,-35.36326070000001,149.1652294
-2.07,-0.67,352.93,594.349975586,-35.36326070000001,149.1652293
-3.06,-0.95,352.94,594.450012207,-35.36326070000001,149.1652293
-4.04,-1.22,352.95,594.5300292969999,-35.36326070000001,149.1652292
-4.86,-1.44,352.95,594.599975586,-35.3632605,149.16522890000005
-5.49,-1.6,352.95,594.66998291,-35.3632605,149.16522869999997
-5.95,-1.72,352.94,594.7199707030001,-35.3632604,149.1652284
-6.32,-1.84,352.93,594.770019531,-35.3632604,149.16522790000005
-6.67,-1.96,352.93,594.8099975590001,-35.3632604,149.1652274
-7.04,-2.08,352.92,594.849975586,-35.36326029999999,149.16522680000003
-7.42,-2.19,352.92,594.8800048830001,-35.3632602,149.165226
-7.74,-2.3,352.91,594.909973145,-35.36326010000001,149.1652253
-7.97,-2.38,352.9,594.929992676,-35.3632599,149.1652244
-8.11,-2.45,352.9,594.950012207,-35.3632598,149.16522340000003
-8.23,-2.51,352.89,594.9699707030001,-35.3632597,149.1652224
-8.34,-2.56,352.89,594.9899902340001,-35.3632595,149.1652212
-8.46,-2.57,352.88,595.0100097659999,-35.3632592,149.16521980000005
-8.72,-2.45,352.76,595.0300292969999,-35.3632591,149.1652186
-9.17,-2.11,351.98,595.039978027,-35.3632589,149.16521719999997
-9.71,-1.83,349.87,595.0599975590001,-35.3632586,149.16521569999995
-10.16,-1.99,346.11,595.070007324,-35.3632586,149.165214
-10.37,-2.79,340.78,595.08001709,-35.3632584,149.1652124
-10.18,-4.22,334.24,595.099975586,-35.36325820000001,149.1652107
-9.51,-6.13,326.73,595.109985352,-35.363258,149.1652087
-8.34,-8.22,318.51,595.1199951169999,-35.363258,149.16520680000005
-6.68,-10.23,309.83,595.140014648,-35.363257899999994,149.16520480000003
-4.63,-11.9,300.98,595.159973145,-35.36325770000001,149.1652026
-2.35,-13.08,292.26,595.16998291,-35.3632576,149.1652004
0.03,-13.72,284.01,595.1900024409999,-35.36325739999999,149.1651981
2.58,-13.9,276.72,595.210021973,-35.36325720000001,149.1651956
4.97,-13.72,271.04,595.229980469,-35.36325679999999,149.1651929
6.76,-13.4,267.36,595.2399902340001,-35.3632565,149.1651904
7.69,-13.15,265.63,595.2600097659999,-35.3632561,149.1651877
7.68,-13.11,265.58,595.2800292969999,-35.3632555,149.16518480000005
6.79,-13.32,266.85,595.299987793,-35.363255,149.16518190000005
5.26,-13.76,269.08,595.320007324,-35.36325429999999,149.1651789
3.34,-14.33,271.92,595.340026855,-35.3632537,149.1651758
1.34,-14.91,275.04,595.359985352,-35.3632531,149.1651727
-0.48,-15.38,278.1,595.390014648,-35.3632524,149.16516950000005
-1.95,-15.66,280.77,595.409973145,-35.363251700000006,149.1651661
-2.94,-15.77,282.8,595.429992676,-35.3632511,149.1651628
-3.44,-15.77,284.05,595.460021973,-35.3632505,149.1651593
-3.5,-15.71,284.51,595.479980469,-35.3632499,149.1651556
-3.18,-15.67,284.27,595.5,-35.36324929999999,149.1651521
-2.56,-15.68,283.48,595.520019531,-35.363248799999994,149.1651483
-1.77,-15.75,282.34,595.549987793,-35.3632482,149.1651446
-0.91,-15.88,281.04,595.570007324,-35.3632477,149.1651407
-0.09,-16.04,279.75,595.590026855,-35.3632473,149.1651368
0.57,-16.16,278.62,595.6199951169999,-35.3632468,149.1651327
1.05,-16.21,277.75,595.640014648,-35.363246200000006,149.16512880000005
1.3,-16.22,277.2,595.659973145,-35.36324570000001,149.1651248
1.35,-16.25,276.97,595.6900024409999,-35.3632451,149.1651206
1.23,-16.27,277.02,595.710021973,-35.3632446,149.16511640000004
0.99,-16.3,277.31,595.729980469,-35.363244,149.1651123
0.68,-16.34,277.75,595.7600097659999,-35.3632434,149.1651081
0.35,-16.38,278.26,595.7800292969999,-35.36324279999999,149.16510380000003
0.05,-16.42,278.78,595.799987793,-35.3632421,149.16509950000003
-0.19,-16.45,279.24,595.83001709,-35.3632415,149.1650951
-0.37,-16.49,279.61,595.849975586,-35.3632409,149.16509059999996
-0.48,-16.53,279.85,595.8699951169999,-35.3632403,149.1650862
-0.53,-16.58,279.96,595.900024414,-35.36323970000001,149.16508190000005
-0.51,-16.63,279.96,595.91998291,-35.3632391,149.1650774
-0.42,-16.67,279.86,595.9400024409999,-35.3632385,149.16507280000005
-0.28,-16.68,279.7,595.9699707030001,-35.36323789999999,149.16506830000003
-0.12,-16.67,279.51,595.9899902340001,-35.36323729999999,149.1650637
0.0,-16.67,279.31,596.0100097659999,-35.3632367,149.165059
0.09,-16.67,279.13,596.039978027,-35.3632361,149.1650545
0.17,-16.69,278.99,596.0599975590001,-35.36323549999999,149.16504980000005
0.22,-16.71,278.9,596.090026855,-35.3632349,149.1650451
0.24,-16.75,278.86,596.109985352,-35.3632342,149.1650405
0.22,-16.81,278.86,596.140014648,-35.3632336,149.1650358
0.19,-16.87,278.91,596.159973145,-35.363233,149.1650311
0.14,-16.92,278.99,596.179992676,-35.3632323,149.1650263
0.08,-16.95,279.08,596.210021973,-35.36323170000001,149.1650216
0.02,-16.97,279.17,596.229980469,-35.363231,149.16501680000005
-0.01,-16.97,279.26,596.2600097659999,-35.3632304,149.16501200000005
-0.03,-17.0,279.33,596.2800292969999,-35.36322979999999,149.1650072
-0.04,-17.04,279.38,596.3099975590001,-35.36322910000001,149.1650023
-0.03,-17.06,279.41,596.33001709,-35.3632285,149.1649975
-0.02,-17.07,279.42,596.359985352,-35.3632278,149.1649926
-0.01,-17.08,279.42,596.3800048830001,-35.36322720000001,149.1649876
0.0,-17.1,279.41,596.409973145,-35.36322639999999,149.16498280000005
0.0,-17.14,279.39,596.429992676,-35.36322579999999,149.1649779
0.0,-17.17,279.36,596.450012207,-35.3632251,149.164973
0.01,-17.16,279.34,596.479980469,-35.3632245,149.1649679
0.04,-17.15,279.33,596.5,-35.3632239,149.1649631
0.07,-17.17,279.32,596.5300292969999,-35.3632232,149.1649581
0.06,-17.2,279.32,596.549987793,-35.3632225,149.1649531
0.03,-17.24,279.33,596.58001709,-35.3632219,149.1649482
0.0,-17.28,279.34,596.599975586,-35.36322120000001,149.1649431
0.0,-17.31,279.36,596.6300048830001,-35.36322050000001,149.1649382
0.0,-17.33,279.38,596.650024414,-35.3632197,149.1649332
0.01,-17.35,279.39,596.679992676,-35.3632191,149.1649282
0.02,-17.38,279.41,596.700012207,-35.3632184,149.164923
0.02,-17.4,279.42,596.729980469,-35.363217799999994,149.1649181
0.02,-17.43,279.43,596.75,-35.3632171,149.1649131
0.04,-17.45,279.44,596.7800292969999,-35.3632164,149.164908
0.07,-17.47,279.45,596.799987793,-35.3632157,149.16490280000005
0.07,-17.48,279.46,596.83001709,-35.3632151,149.1648978
0.05,-17.49,279.46,596.849975586,-35.3632143,149.16489280000005
0.03,-17.51,279.46,596.8800048830001,-35.3632136,149.1648876
0.0,-17.52,279.47,596.900024414,-35.363213,149.1648826
-0.01,-17.53,279.47,596.91998291,-35.363212299999994,149.1648775
-0.02,-17.53,279.47,596.950012207,-35.36321160000001,149.1648724
-0.01,-17.53,279.46,596.9699707030001,-35.3632109,149.16486719999997
0.0,-17.54,279.46,597.0,-35.36321020000001,149.1648621
0.0,-17.56,279.46,597.020019531,-35.36320939999999,149.16485690000005
0.0,-17.61,279.46,597.049987793,-35.36320870000001,149.1648517
0.01,-17.62,279.47,597.070007324,-35.363208,149.1648466
0.02,-17.62,279.47,597.099975586,-35.3632073,149.1648415
0.04,-17.63,279.47,597.1199951169999,-35.3632066,149.16483630000005
0.05,-17.65,279.48,597.150024414,-35.3632058,149.1648311
0.06,-17.68,279.48,597.16998291,-35.3632051,149.164826
0.06,-17.71,279.48,597.200012207,-35.36320449999999,149.1648208
0.06,-17.74,279.49,597.2199707030001,-35.363203799999994,149.1648156
0.05,-17.77,279.49,597.25,-35.3632031,149.1648104
0.02,-17.78,279.49,597.270019531,-35.3632024,149.1648052
0.0,-17.77,279.49,597.299987793,-35.36320170000001,149.16479990000005
0.0,-17.76,279.49,597.320007324,-35.36320079999999,149.1647947
0.0,-17.75,279.49,597.349975586,-35.3632002,149.1647896
0.02,-17.76,279.49,597.3699951169999,-35.3631995,149.1647844
0.05,-17.78,279.48,597.400024414,-35.36319879999999,149.1647792
0.08,-17.81,279.48,597.41998291,-35.36319810000001,149.1647739
0.09,-17.83,279.48,597.4400024409999,-35.3631974,149.1647687
0.08,-17.83,279.48,597.4699707030001,-35.3631965,149.1647635
0.06,-17.83,279.48,597.4899902340001,-35.363195899999994,149.1647582
0.05,-17.83,279.48,597.520019531,-35.36319520000001,149.1647529
0.04,-17.86,279.48,597.539978027,-35.3631945,149.1647477
0.04,-17.89,279.48,597.570007324,-35.36319359999999,149.16474240000005
0.04,-17.92,279.48,597.590026855,-35.3631929,149.1647372
0.05,-17.93,279.48,597.609985352,-35.36319229999999,149.16473190000005
0.07,-17.93,279.48,597.640014648,-35.3631916,149.1647266
0.08,-17.91,279.48,597.659973145,-35.3631908,149.16472130000002
0.07,-17.89,279.49,597.6900024409999,-35.36319010000001,149.1647161
0.06,-17.89,279.48,597.710021973,-35.36318929999999,149.1647108
0.05,-17.89,279.48,597.7399902340001,-35.3631886,149.1647055
0.05,-17.89,279.48,597.7600097659999,-35.36318789999999,149.1647002
0.04,-17.89,279.48,597.789978027,-35.36318720000001,149.1646949
0.03,-17.9,279.48,597.8099975590001,-35.36318629999999,149.1646896
0.02,-17.92,279.47,597.840026855,-35.3631856,149.1646843
0.05,-17.94,279.47,597.859985352,-35.36318499999999,149.164679
0.08,-17.97,279.47,597.890014648,-35.3631842,149.16467350000005
0.11,-17.98,279.47,597.909973145,-35.36318350000001,149.16466830000005
0.1,-17.96,279.47,597.9400024409999,-35.3631828,149.164663
0.08,-17.94,279.46,597.960021973,-35.363182,149.1646577
0.05,-17.91,279.46,597.9899902340001,-35.363181299999994,149.1646523
0.04,-17.91,279.46,598.0100097659999,-35.3631805,149.164647
0.04,-17.94,279.46,598.039978027,-35.3631798,149.16464150000004
0.02,-17.98,279.45,598.0599975590001,-35.36317899999999,149.1646362
0.0,-18.01,279.45,598.090026855,-35.3631783,149.16463090000005
0.0,-18.0,279.45,598.109985352,-35.3631776,149.1646256
0.01,-17.99,279.44,598.1300048830001,-35.3631768,149.16462030000002
0.03,-17.96,279.44,598.159973145,-35.363176,149.164615
0.05,-17.92,279.43,598.179992676,-35.36317529999999,149.16460959999995
0.06,-17.89,279.43,598.210021973,-35.36317460000001,149.1646042
0.08,-17.9,279.42,598.229980469,-35.3631739,149.16459880000005
0.09,-17.92,279.42,598.2600097659999,-35.36317310000001,149.1645936
0.11,-17.95,279.42,598.2800292969999,-35.3631723,149.1645882
0.12,-17.97,279.42,598.3099975590001,-35.3631716,149.16458290000003
0.12,-18.0,279.42,598.33001709,-35.3631709,149.16457749999995
0.12,-18.04,279.42,598.359985352,-35.363170200000006,149.1645721
0.12,-18.03,279.42,598.3800048830001,-35.3631693,149.16456680000005
0.12,-18.01,279.42,598.400024414,-35.3631686,149.1645615
0.13,-17.99,279.42,598.429992676,-35.3631679,149.1645561
0.14,-17.98,279.42,598.450012207,-35.3631672,149.1645507
0.15,-18.0,279.42,598.479980469,-35.3631664,149.1645453
0.14,-18.02,279.42,598.5,-35.3631656,149.16454
0.11,-18.02,279.42,598.520019531,-35.3631649,149.1645346
0.09,-18.01,279.41,598.549987793,-35.36316420000001,149.1645292
0.07,-18.0,279.41,598.570007324,-35.3631634,149.1645239
0.09,-17.98,279.41,598.599975586,-35.36316259999999,149.16451840000005
0.12,-17.99,279.41,598.6199951169999,-35.3631619,149.1645131
0.14,-18.0,279.4,598.650024414,-35.3631612,149.16450769999997
0.15,-18.02,279.4,598.66998291,-35.3631604,149.1645024
0.15,-18.03,279.4,598.6900024409999,-35.36315970000001,149.16449690000005
0.16,-18.03,279.39,598.7199707030001,-35.36315889999999,149.1644916
0.16,-18.03,279.39,598.7399902340001,-35.36315820000001,149.16448630000005
0.17,-18.02,279.38,598.770019531,-35.3631574,149.1644809
0.18,-18.02,279.38,598.789978027,-35.36315670000001,149.1644754
0.19,-18.03,279.37,598.820007324,-35.3631559,149.1644701
0.21,-18.07,279.37,598.840026855,-35.3631552,149.1644648
0.2,-18.1,279.37,598.859985352,-35.3631545,149.1644594
0.18,-18.11,279.37,598.890014648,-35.3631537,149.164454
0.14,-18.11,279.37,598.909973145,-35.3631528,149.16444850000005
0.12,-18.11,279.37,598.9400024409999,-35.36315220000001,149.1644432
0.12,-18.1,279.37,598.960021973,-35.3631514,149.1644379
0.13,-18.1,279.37,598.979980469,-35.36315070000001,149.1644325
0.15,-18.1,279.37,599.0100097659999,-35.36314979999999,149.164427
0.16,-18.09,279.36,599.0300292969999,-35.3631491,149.1644217
0.17,-18.09,279.36,599.0599975590001,-35.3631484,149.16441630000003
0.18,-18.08,279.36,599.08001709,-35.36314760000001,149.1644109
0.16,-18.09,279.35,599.109985352,-35.3631468,149.1644054
0.13,-18.11,279.34,599.1300048830001,-35.3631461,149.1644001
0.09,-18.11,279.33,599.159973145,-35.36314539999999,149.1643947
0.07,-18.11,279.32,599.179992676,-35.3631446,149.1643894
0.07,-18.13,279.32,599.200012207,-35.3631437,149.16438390000005
0.09,-18.14,279.3,599.229980469,-35.363143,149.1643786
0.12,-18.14,279.29,599.25,-35.36314229999999,149.16437319999997
0.13,-18.14,279.28,599.2800292969999,-35.36314160000001,149.1643677
0.13,-18.14,279.28,599.299987793,-35.3631407,149.16436230000005
0.12,-18.13,279.27,599.320007324,-35.36314,149.164357
0.11,-18.13,279.26,599.349975586,-35.3631393,149.16435159999997
0.12,-18.15,279.26,599.3699951169999,-35.3631385,149.1643461
0.16,-18.16,279.26,599.400024414,-35.3631377,149.16434080000005
0.2,-18.15,279.25,599.41998291,-35.363137,149.1643354
0.22,-18.11,279.25,599.450012207,-35.363136299999994,149.16433
0.23,-18.09,279.25,599.4699707030001,-35.3631355,149.16432450000005
0.19,-18.11,279.25,599.4899902340001,-35.3631348,149.1643191
0.16,-18.16,279.25,599.520019531,-35.3631339,149.1643136
0.14,-18.21,279.25,599.539978027,-35.3631333,149.1643082
0.13,-18.21,279.25,599.570007324,-35.3631325,149.1643029
0.13,-18.18,279.25,599.590026855,-35.3631316,149.1642975
0.12,-18.14,279.25,599.6199951169999,-35.3631309,149.164292
0.12,-18.1,279.24,599.640014648,-35.3631302,149.1642867
0.12,-18.07,279.24,599.659973145,-35.3631295,149.1642813
0.13,-18.07,279.23,599.6900024409999,-35.36312870000001,149.1642757
0.13,-18.09,279.22,599.710021973,-35.36312789999999,149.16427040000005
0.13,-18.1,279.22,599.7399902340001,-35.36312720000001,149.164265
0.12,-18.11,279.21,599.7600097659999,-35.3631265,149.1642595
0.11,-18.11,279.2,599.789978027,-35.36312570000001,149.1642541
0.09,-18.09,279.2,599.8099975590001,-35.36312479999999,149.16424880000002
0.07,-18.09,279.2,599.83001709,-35.3631242,149.1642434
0.05,-18.12,279.19,599.859985352,-35.3631234,149.1642379
0.05,-18.14,279.19,599.8800048830001,-35.3631227,149.1642326
0.06,-18.14,279.18,599.909973145,-35.3631218,149.1642271
0.09,-18.15,279.18,599.929992676,-35.36312120000001,149.1642216
0.12,-18.15,279.17,599.950012207,-35.3631204,149.16421630000005
0.13,-18.15,279.17,599.979980469,-35.36311970000001,149.16421090000003
0.14,-18.14,279.16,600.0,-35.36311879999999,149.1642054
0.14,-18.14,279.16,600.0300292969999,-35.3631181,149.1642
0.14,-18.16,279.15,600.049987793,-35.3631174,149.1641946
0.14,-18.16,279.15,600.08001709,-35.3631167,149.1641891
0.12,-18.15,279.15,600.099975586,-35.3631158,149.16418380000005
0.1,-18.13,279.15,600.1199951169999,-35.3631151,149.1641783
0.1,-18.11,279.16,600.150024414,-35.3631144,149.16417280000005
0.12,-18.1,279.16,600.16998291,-35.36311370000001,149.1641675
0.14,-18.11,279.16,600.200012207,-35.3631129,149.1641621
0.13,-18.14,279.16,600.2199707030001,-35.363112,149.16415669999995
0.14,-18.17,279.16,600.25,-35.3631114,149.1641512
0.14,-18.19,279.16,600.270019531,-35.36311060000001,149.1641458
0.15,-18.19,279.16,600.299987793,-35.3631099,149.1641403
0.17,-18.19,279.16,600.320007324,-35.363109,149.16413490000005
0.18,-18.19,279.16,600.349975586,-35.36310839999999,149.1641295
0.18,-18.16,279.17,600.3699951169999,-35.3631076,149.164124
0.19,-18.14,279.17,600.390014648,-35.3631069,149.1641187
0.19,-18.12,279.17,600.41998291,-35.363106,149.16411330000003
0.19,-18.12,279.17,600.4400024409999,-35.363105299999994,149.1641077
0.21,-18.14,279.17,600.4699707030001,-35.3631046,149.1641024
0.23,-18.18,279.17,600.4899902340001,-35.3631039,149.164097
0.24,-18.17,279.18,600.520019531,-35.363103,149.1640916
0.22,-18.14,279.18,600.539978027,-35.3631023,149.1640861
0.2,-18.12,279.18,600.570007324,-35.3631016,149.16408069999997
0.19,-18.11,279.18,600.590026855,-35.3631008,149.1640751
0.18,-18.13,279.18,600.609985352,-35.3631,149.16406980000005
0.17,-18.15,279.18,600.640014648,-35.36309929999999,149.1640644
0.17,-18.14,279.18,600.659973145,-35.3630986,149.1640589
0.19,-18.13,279.17,600.679992676,-35.36309779999999,149.1640535
0.21,-18.1,279.17,600.710021973,-35.36309689999999,149.1640481
0.22,-18.1,279.17,600.729980469,-35.36309620000001,149.1640426
0.22,-18.1,279.17,600.7600097659999,-35.3630955,149.16403730000005
0.22,-18.11,279.16,600.7800292969999,-35.3630948,149.16403180000003
0.2,-18.13,279.16,600.8099975590001,-35.3630939,149.16402630000005
0.19,-18.12,279.16,600.83001709,-35.3630932,149.164021
0.21,-18.11,279.16,600.849975586,-35.3630925,149.1640155
0.23,-18.1,279.16,600.8800048830001,-35.3630917,149.16401000000005
0.22,-18.13,279.16,600.900024414,-35.363091,149.1640047
0.21,-18.15,279.16,600.929992676,-35.3630901,149.1639993
0.21,-18.16,279.15,600.950012207,-35.3630894,149.1639937
0.22,-18.16,279.15,600.9699707030001,-35.36308870000001,149.1639884
0.25,-18.14,279.14,601.0,-35.36308779999999,149.163983
0.27,-18.13,279.14,601.020019531,-35.3630871,149.1639775
0.26,-18.14,279.14,601.049987793,-35.3630864,149.1639721
0.26,-18.14,279.13,601.070007324,-35.36308560000001,149.1639667
0.25,-18.14,279.13,601.090026855,-35.3630848,149.1639612
0.24,-18.13,279.13,601.1199951169999,-35.3630841,149.16395580000002
0.24,-18.14,279.13,601.140014648,-35.3630834,149.1639504
0.22,-18.16,279.13,601.16998291,-35.3630826,149.1639449
0.18,-18.18,279.13,601.1900024409999,-35.3630817,149.1639396
0.15,-18.18,279.12,601.210021973,-35.363081,149.1639342
0.15,-18.16,279.12,601.2399902340001,-35.36308029999999,149.1639286
0.16,-18.14,279.12,601.2600097659999,-35.3630795,149.1639233
0.19,-18.12,279.11,601.2800292969999,-35.3630787,149.1639179
0.23,-18.12,279.11,601.3099975590001,-35.363078,149.16391240000004
0.26,-18.14,279.1,601.33001709,-35.3630773,149.163907
0.26,-18.16,279.1,601.359985352,-35.3630765,149.16390159999997
0.24,-18.18,279.1,601.3800048830001,-35.3630758,149.1638961
0.21,-18.18,279.09,601.400024414,-35.3630749,149.16389080000005
0.18,-18.15,279.09,601.429992676,-35.3630742,149.1638853
0.17,-18.13,279.09,601.450012207,-35.3630735,149.16387980000005
0.16,-18.1,279.09,601.479980469,-35.3630726,149.16387450000005
0.16,-18.1,279.09,601.5,-35.3630719,149.163869
0.16,-18.1,279.09,601.520019531,-35.36307120000001,149.1638635
0.16,-18.14,279.08,601.549987793,-35.3630704,149.1638582
0.15,-18.19,279.08,601.570007324,-35.3630695,149.16385269999995
0.14,-18.2,279.08,601.599975586,-35.3630689,149.1638472
0.13,-18.18,279.07,601.6199951169999,-35.36306810000001,149.1638419
0.12,-18.15,279.07,601.640014648,-35.3630674,149.1638363
0.1,-18.15,279.07,601.66998291,-35.36306649999999,149.16383090000005
0.08,-18.14,279.06,601.6900024409999,-35.3630658,149.1638256
0.1,-18.13,279.06,601.710021973,-35.3630651,149.16382019999998
0.13,-18.12,279.06,601.7399902340001,-35.3630643,149.1638147
0.16,-18.12,279.05,601.7600097659999,-35.3630635,149.1638093
0.2,-18.12,279.05,601.789978027,-35.36306279999999,149.1638039
0.23,-18.14,279.05,601.8099975590001,-35.36306210000001,149.16379840000005
0.26,-18.14,279.05,601.83001709,-35.3630613,149.163793
0.27,-18.15,279.04,601.859985352,-35.36306060000001,149.1637876
0.26,-18.14,279.04,601.8800048830001,-35.3630597,149.1637821
0.22,-18.12,279.04,601.909973145,-35.363059,149.16377680000005
0.17,-18.1,279.04,601.929992676,-35.3630583,149.1637712
0.14,-18.1,279.04,601.960021973,-35.36305739999999,149.1637658
0.14,-18.11,279.04,601.979980469,-35.3630567,149.1637605
0.15,-18.13,279.04,602.0,-35.363056,149.1637551
0.15,-18.15,279.04,602.0300292969999,-35.36305529999999,149.16374960000005
0.15,-18.17,279.04,602.049987793,-35.3630544,149.16374419999997
0.16,-18.18,279.05,602.08001709,-35.3630537,149.1637386
0.18,-18.2,279.05,602.099975586,-35.363053,149.16373330000005
0.17,-18.21,279.05,602.1300048830001,-35.3630523,149.1637279
0.18,-18.22,279.05,602.150024414,-35.36305150000001,149.1637225
0.18,-18.22,279.06,602.179992676,-35.3630507,149.163717
0.19,-18.2,279.06,602.200012207,-35.36305,149.1637116
0.2,-18.18,279.06,602.2199707030001,-35.36304929999999,149.16370619999995
0.2,-18.18,279.06,602.25,-35.3630485,149.1637007
0.2,-18.15,279.06,602.270019531,-35.3630477,149.16369530000003
0.18,-18.13,279.06,602.299987793,-35.36304699999999,149.1636898
0.14,-18.13,279.06,602.320007324,-35.36304620000001,149.1636844
0.12,-18.14,279.06,602.349975586,-35.3630455,149.1636791
0.13,-18.19,279.07,602.3699951169999,-35.3630446,149.16367350000004
0.14,-18.21,279.07,602.400024414,-35.3630439,149.1636682
0.16,-18.22,279.06,602.41998291,-35.3630432,149.1636628
0.19,-18.22,279.06,602.450012207,-35.3630425,149.1636574
0.22,-18.2,279.06,602.4699707030001,-35.3630416,149.16365190000005
0.24,-18.18,279.06,602.4899902340001,-35.3630409,149.1636465
0.24,-18.14,279.06,602.520019531,-35.3630402,149.16364109999995
0.22,-18.11,279.06,602.539978027,-35.3630395,149.1636356
0.21,-18.09,279.06,602.570007324,-35.36303870000001,149.1636302
0.21,-18.09,279.06,602.590026855,-35.36303789999999,149.1636247
0.21,-18.09,279.07,602.6199951169999,-35.3630372,149.16361930000005
0.21,-18.09,279.07,602.640014648,-35.3630365,149.1636139
0.2,-18.1,279.08,602.659973145,-35.36303570000001,149.16360840000004
0.18,-18.11,279.08,602.6900024409999,-35.36303489999999,149.163603
0.18,-18.11,279.09,602.710021973,-35.3630342,149.1635976
0.17,-18.12,279.09,602.7399902340001,-35.3630334,149.1635921
0.18,-18.13,279.09,602.7600097659999,-35.36303270000001,149.1635868
0.18,-18.15,279.09,602.789978027,-35.36303179999999,149.1635813
0.17,-18.17,279.09,602.8099975590001,-35.3630312,149.16357580000005
0.15,-18.22,279.09,602.840026855,-35.3630304,149.16357050000005
0.16,-18.23,279.09,602.859985352,-35.36302970000001,149.16356509999997
0.18,-18.21,279.09,602.890014648,-35.36302879999999,149.1635595
0.19,-18.18,279.1,602.909973145,-35.3630281,149.1635542
0.09,-18.07,279.1,602.9400024409999,-35.3630274,149.1635488
-0.51,-17.49,279.03,602.960021973,-35.3630266,149.1635433
-1.6,-16.5,278.81,602.979980469,-35.3630258,149.163538
-2.82,-15.47,278.33,603.0,-35.3630251,149.1635326
-3.89,-14.66,277.56,603.020019531,-35.3630245,149.1635273
-4.67,-14.17,276.48,603.0300292969999,-35.3630239,149.163522
-5.13,-13.95,275.12,603.049987793,-35.3630235,149.1635168
-5.38,-13.89,273.46,603.0599975590001,-35.3630231,149.1635116
-5.52,-13.89,271.54,603.070007324,-35.3630227,149.16350659999995
-5.65,-13.91,269.38,603.08001709,-35.3630225,149.1635016
-5.8,-13.9,267.03,603.08001709,-35.3630224,149.1634966
-6.0,-13.89,264.53,603.090026855,-35.3630224,149.1634916
-6.23,-13.88,261.91,603.099975586,-35.3630225,149.16348680000004
-6.45,-13.93,259.23,603.099975586,-35.3630227,149.1634822
-6.64,-14.06,256.51,603.099975586,-35.3630231,149.1634775
-6.76,-14.29,253.76,603.109985352,-35.36302360000001,149.16347280000005
-6.81,-14.6,251.02,603.109985352,-35.36302420000001,149.1634683
-6.75,-14.92,248.28,603.109985352,-35.363025,149.16346380000005
-6.57,-15.24,245.59,603.109985352,-35.3630257,149.1634594
-6.27,-15.52,242.98,603.109985352,-35.3630268,149.1634551
-5.89,-15.76,240.47,603.109985352,-35.363028,149.16345080000005
-5.5,-15.95,238.1,603.109985352,-35.3630292,149.1634466
-5.13,-16.13,235.91,603.109985352,-35.3630306,149.1634426
-4.8,-16.29,233.89,603.1199951169999,-35.3630321,149.16343840000005
-4.51,-16.45,232.06,603.1199951169999,-35.3630336,149.1634345
-4.27,-16.6,230.4,603.1199951169999,-35.3630354,149.1634306
-4.07,-16.72,228.9,603.1199951169999,-35.3630372,149.1634267
-3.89,-16.84,227.56,603.1199951169999,-35.3630391,149.1634229
-3.73,-16.93,226.34,603.1199951169999,-35.3630412,149.1634191
-3.57,-17.01,225.23,603.1199951169999,-35.363043299999994,149.16341540000005
-3.38,-17.08,224.22,603.1199951169999,-35.3630456,149.1634118
-3.19,-17.13,223.27,603.1199951169999,-35.3630479,149.1634082
-3.01,-17.16,222.39,603.1199951169999,-35.3630501,149.16340469999997
-2.86,-17.2,221.56,603.1199951169999,-35.3630527,149.1634011
-2.71,-17.26,220.78,603.1199951169999,-35.36305520000001,149.1633977
-2.56,-17.32,220.04,603.1199951169999,-35.3630578,149.16339430000005
-2.4,-17.38,219.35,603.109985352,-35.3630604,149.163391
-2.23,-17.45,218.7,603.109985352,-35.3630631,149.1633876
-2.04,-17.53,218.09,603.109985352,-35.3630658,149.16338430000005
-1.84,-17.6,217.52,603.109985352,-35.36306870000001,149.1633812
-1.64,-17.62,217.0,603.109985352,-35.36307160000001,149.163378
-1.47,-17.63,216.53,603.109985352,-35.3630744,149.1633747
-1.32,-17.64,216.11,603.109985352,-35.36307739999999,149.1633717
-1.21,-17.64,215.73,603.109985352,-35.3630804,149.16336850000005
-1.13,-17.66,215.39,603.109985352,-35.3630835,149.1633654
-1.09,-17.66,215.09,603.109985352,-35.3630866,149.16336230000005
-1.05,-17.67,214.82,603.109985352,-35.3630898,149.16335930000002
-1.0,-17.67,214.57,603.109985352,-35.363093,149.1633561
-0.91,-17.67,214.35,603.109985352,-35.36309620000001,149.1633532
-0.81,-17.7,214.15,603.109985352,-35.36309929999999,149.1633502
-0.7,-17.75,213.97,603.109985352,-35.3631027,149.16334719999998
-0.63,-17.78,213.8,603.109985352,-35.363106,149.1633441
-0.58,-17.78,213.64,603.109985352,-35.3631093,149.1633412
-0.54,-17.77,213.5,603.109985352,-35.3631126,149.16333830000005
-0.51,-17.77,213.36,603.109985352,-35.363116,149.1633353
-0.49,-17.77,213.24,603.109985352,-35.363119299999994,149.1633324
-0.44,-17.78,213.12,603.109985352,-35.36312279999999,149.16332930000004
-0.38,-17.8,213.01,603.109985352,-35.3631261,149.1633264
-0.34,-17.83,212.92,603.109985352,-35.3631296,149.16332350000005
-0.32,-17.85,212.83,603.109985352,-35.3631331,149.1633206
-0.28,-17.86,212.76,603.109985352,-35.3631364,149.1633177
-0.23,-17.87,212.69,603.109985352,-35.36314,149.1633149
-0.17,-17.89,212.64,603.109985352,-35.3631435,149.16331200000005
-0.13,-17.9,212.59,603.109985352,-35.363147,149.1633091
-0.09,-17.93,212.55,603.109985352,-35.36315039999999,149.1633062
-0.06,-17.97,212.51,603.109985352,-35.36315399999999,149.1633033
-0.05,-17.98,212.48,603.109985352,-35.3631576,149.1633005
-0.03,-17.97,212.46,603.109985352,-35.363161100000006,149.1632976
-0.02,-17.94,212.43,603.1199951169999,-35.36316470000001,149.1632947
0.0,-17.92,212.41,603.1199951169999,-35.3631681,149.1632918
0.0,-17.91,212.4,603.1199951169999,-35.3631717,149.1632889
0.0,-17.91,212.38,603.1199951169999,-35.36317529999999,149.163286
0.0,-17.93,212.38,603.1199951169999,-35.3631789,149.1632831
0.0,-17.94,212.37,603.1199951169999,-35.3631826,149.1632803
0.0,-17.97,212.37,603.1199951169999,-35.3631862,149.1632774
0.01,-17.99,212.37,603.1199951169999,-35.3631898,149.1632745
0.03,-18.01,212.37,603.1199951169999,-35.3631934,149.1632716
0.03,-18.03,212.37,603.1199951169999,-35.363197,149.1632688
0.01,-18.04,212.37,603.1199951169999,-35.3632006,149.1632659
0.0,-18.04,212.37,603.1199951169999,-35.3632042,149.163263
0.0,-18.04,212.37,603.1199951169999,-35.3632078,149.1632601
0.02,-18.04,212.37,603.1199951169999,-35.3632115,149.1632572
0.07,-18.04,212.36,603.1199951169999,-35.3632151,149.1632543
0.09,-18.04,212.36,603.1199951169999,-35.36321870000001,149.1632514
0.09,-18.05,212.36,603.1199951169999,-35.3632224,149.1632486
0.08,-18.07,212.36,603.1199951169999,-35.363226,149.1632457
0.05,-18.07,212.37,603.1199951169999,-35.36322970000001,149.1632428
0.02,-18.08,212.38,603.1199951169999,-35.3632333,149.1632398
0.01,-18.08,212.38,603.1199951169999,-35.363237,149.1632369
0.03,-18.07,212.39,603.1199951169999,-35.3632407,149.16323400000005
0.04,-18.05,212.39,603.1199951169999,-35.3632443,149.1632311
0.06,-18.06,212.4,603.1199951169999,-35.363248,149.1632282
0.08,-18.07,212.4,603.1199951169999,-35.363251700000006,149.1632254
0.09,-18.1,212.41,603.1199951169999,-35.3632553,149.16322250000005
0.07,-18.12,212.41,603.1199951169999,-35.363259,149.1632196
0.05,-18.15,212.41,603.1199951169999,-35.3632626,149.1632167
0.05,-18.16,212.42,603.1199951169999,-35.36326629999999,149.1632138
0.07,-18.16,212.42,603.1199951169999,-35.3632699,149.16321090000002
0.1,-18.16,212.42,603.1199951169999,-35.36327360000001,149.163208
0.12,-18.15,212.43,603.1199951169999,-35.3632773,149.1632051
0.14,-18.15,212.43,603.1199951169999,-35.363281,149.1632022
0.17,-18.16,212.44,603.1199951169999,-35.3632847,149.1631993
0.16,-18.17,212.45,603.1199951169999,-35.36328839999999,149.1631964
0.13,-18.19,212.46,603.1199951169999,-35.363292,149.1631935
0.1,-18.17,212.47,603.1199951169999,-35.3632957,149.1631906
0.1,-18.15,212.48,603.1199951169999,-35.3632994,149.1631876
0.11,-18.15,212.49,603.1199951169999,-35.3633032,149.1631847
0.12,-18.16,212.5,603.1199951169999,-35.3633069,149.16318180000005
0.11,-18.18,212.51,603.1199951169999,-35.36331060000001,149.16317890000005
0.08,-18.2,212.51,603.1199951169999,-35.3633143,149.163176
0.06,-18.21,212.52,603.1199951169999,-35.363318,149.1631731
0.04,-18.22,212.52,603.1199951169999,-35.3633217,149.1631701
0.02,-18.22,212.52,603.1199951169999,-35.363325399999994,149.16316719999998
0.02,-18.24,212.52,603.1199951169999,-35.3633291,149.1631643
0.01,-18.27,212.52,603.109985352,-35.36333270000001,149.1631614
0.01,-18.3,212.52,603.109985352,-35.3633364,149.16315830000005
0.02,-18.31,212.52,603.109985352,-35.3633401,149.1631554
0.02,-18.3,212.52,603.109985352,-35.3633438,149.1631526
0.01,-18.27,212.52,603.109985352,-35.3633477,149.1631497
0.0,-18.23,212.52,603.109985352,-35.3633514,149.1631467
0.0,-18.22,212.52,603.109985352,-35.36335510000001,149.1631438
-0.03,-18.23,212.53,603.109985352,-35.3633588,149.1631409
-0.06,-18.26,212.53,603.109985352,-35.3633625,149.16313799999998
-0.04,-18.29,212.53,603.109985352,-35.3633662,149.16313490000005
0.0,-18.3,212.53,603.109985352,-35.36336989999999,149.16313200000005
0.03,-18.29,212.53,603.109985352,-35.3633736,149.1631291
0.05,-18.28,212.54,603.1199951169999,-35.36337750000001,149.1631262
0.04,-18.26,212.54,603.1199951169999,-35.363381200000006,149.1631233
0.0,-18.23,212.54,603.1199951169999,-35.3633849,149.16312040000003
-0.07,-18.23,212.54,603.1199951169999,-35.3633887,149.1631174
-0.08,-18.26,212.54,603.1199951169999,-35.363392299999994,149.1631145
-0.04,-18.3,212.54,603.1199951169999,-35.3633961,149.1631115
-0.01,-18.33,212.54,603.1199951169999,-35.36339990000001,149.1631085
0.0,-18.33,212.55,603.1199951169999,-35.3634037,149.1631057
0.0,-18.31,212.56,603.1199951169999,-35.3634074,149.16310280000005
-0.03,-18.27,212.57,603.1199951169999,-35.3634111,149.16309980000003
-0.06,-18.26,212.58,603.1199951169999,-35.3634148,149.1630969
-0.05,-18.24,212.59,603.1199951169999,-35.3634185,149.1630939
-0.03,-18.23,212.59,603.1199951169999,-35.3634224,149.1630909
0.0,-18.22,212.6,603.1199951169999,-35.3634261,149.1630879
0.03,-18.23,212.61,603.1199951169999,-35.3634299,149.1630851
0.04,-18.25,212.61,603.1199951169999,-35.3634336,149.1630821
0.04,-18.28,212.62,603.1199951169999,-35.363437299999994,149.1630792
0.04,-18.31,212.63,603.1199951169999,-35.36344099999999,149.1630763
0.02,-18.33,212.64,603.1199951169999,-35.3634449,149.1630732
0.0,-18.35,212.65,603.1199951169999,-35.36344860000001,149.16307030000004
-0.01,-18.36,212.65,603.1199951169999,-35.3634524,149.16306740000005
-0.01,-18.35,212.66,603.1199951169999,-35.3634561,149.1630645
0.01,-18.34,212.67,603.1199951169999,-35.3634598,149.1630615
0.05,-18.31,212.68,603.1199951169999,-35.3634635,149.1630586
0.08,-18.28,212.69,603.1199951169999,-35.3634674,149.16305559999995
0.08,-18.27,212.7,603.1199951169999,-35.3634711,149.1630526
0.05,-18.28,212.71,603.1199951169999,-35.3634749,149.1630496
0.03,-18.32,212.71,603.1199951169999,-35.3634786,149.16304680000005
0.03,-18.37,212.72,603.1199951169999,-35.36348229999999,149.1630438
0.05,-18.4,212.73,603.1199951169999,-35.363486,149.1630409
0.08,-18.42,212.74,603.1199951169999,-35.3634899,149.163038
0.08,-18.4,212.75,603.1199951169999,-35.3634936,149.1630349
0.05,-18.38,212.75,603.1199951169999,-35.3634974,149.16303190000005
0.01,-18.39,212.76,603.1199951169999,-35.3635011,149.1630291
0.0,-18.41,212.76,603.1199951169999,-35.36350479999999,149.1630261
0.0,-18.41,212.76,603.1199951169999,-35.3635085,149.1630231
0.02,-18.4,212.76,603.1199951169999,-35.3635124,149.16302019999995
0.06,-18.38,212.76,603.1199951169999,-35.36351610000001,149.1630171
0.08,-18.39,212.76,603.1199951169999,-35.36351989999999,149.1630142
0.08,-18.4,212.76,603.1199951169999,-35.3635236,149.16301130000005
0.06,-18.4,212.77,603.1199951169999,-35.3635273,149.1630083
0.03,-18.39,212.77,603.1199951169999,-35.36353120000001,149.1630052
0.0,-18.38,212.77,603.1199951169999,-35.3635349,149.16300230000004
-0.03,-18.38,212.78,603.1199951169999,-35.36353870000001,149.1629994
-0.04,-18.39,212.78,603.1199951169999,-35.3635424,149.16299640000003
-0.03,-18.37,212.78,603.1199951169999,-35.36354620000001,149.1629934
-0.02,-18.34,212.77,603.1300048830001,-35.3635499,149.16299030000005
0.0,-18.31,212.77,603.1300048830001,-35.36355370000001,149.16298740000005
0.04,-18.31,212.77,603.1300048830001,-35.3635575,149.1629845
0.06,-18.32,212.77,603.1300048830001,-35.36356129999999,149.1629815
0.07,-18.34,212.77,603.1300048830001,-35.363565,149.1629784
0.06,-18.36,212.77,603.1300048830001,-35.3635687,149.1629755
0.05,-18.39,212.77,603.1300048830001,-35.36357239999999,149.1629726
0.02,-18.42,212.77,603.1300048830001,-35.3635763,149.1629696
0.0,-18.44,212.77,603.1300048830001,-35.36358,149.1629667
-0.02,-18.43,212.77,603.1300048830001,-35.3635838,149.16296369999995
-0.04,-18.42,212.77,603.1300048830001,-35.3635875,149.1629606
-0.04,-18.39,212.76,603.1300048830001,-35.3635912,149.1629577
-0.01,-18.37,212.76,603.1300048830001,-35.3635951,149.16295469999997
0.0,-18.37,212.76,603.1300048830001,-35.3635988,149.1629516
0.01,-18.39,212.76,603.1300048830001,-35.3636026,149.1629487
0.04,-18.42,212.75,603.1300048830001,-35.3636064,149.16294580000005
0.06,-18.45,212.75,603.1300048830001,-35.36360999999999,149.1629428
0.05,-18.46,212.75,603.1300048830001,-35.3636139,149.1629399
0.01,-18.43,212.75,603.1300048830001,-35.36361760000001,149.1629369
-0.02,-18.38,212.75,603.1300048830001,-35.3636214,149.16293380000005
-0.02,-18.34,212.75,603.1300048830001,-35.3636252,149.16293090000005
-0.02,-18.32,212.75,603.1300048830001,-35.3636289,149.1629279
-0.01,-18.34,212.75,603.1300048830001,-35.3636326,149.1629249
0.01,-18.38,212.74,603.1300048830001,-35.3636365,149.1629219
0.06,-18.43,212.74,603.1300048830001,-35.3636402,149.1629189
0.08,-18.45,212.74,603.1300048830001,-35.363644,149.162916
0.07,-18.47,212.74,603.1300048830001,-35.3636477,149.1629131
0.04,-18.47,212.74,603.1300048830001,-35.36365139999999,149.1629101
0.03,-18.47,212.74,603.1300048830001,-35.3636553,149.16290700000005
0.03,-18.46,212.75,603.1300048830001,-35.36365900000001,149.1629041
0.02,-18.43,212.75,603.1300048830001,-35.3636628,149.1629012
0.0,-18.39,212.75,603.1300048830001,-35.3636666,149.16289819999997
-0.01,-18.38,212.75,603.1300048830001,-35.3636702,149.1628951
-0.02,-18.39,212.76,603.1300048830001,-35.36367410000001,149.1628921
-0.04,-18.41,212.76,603.1300048830001,-35.3636779,149.1628892
-0.04,-18.43,212.76,603.1300048830001,-35.3636816,149.16288630000003
-0.03,-18.44,212.76,603.1300048830001,-35.3636854,149.1628833
0.0,-18.45,212.76,603.1300048830001,-35.3636891,149.1628802
0.0,-18.45,212.75,603.1300048830001,-35.36369279999999,149.1628773
0.0,-18.45,212.75,603.1300048830001,-35.3636967,149.1628743
0.0,-18.43,212.75,603.1300048830001,-35.3637005,149.16287130000003
0.01,-18.42,212.75,603.1300048830001,-35.3637042,149.1628682
0.04,-18.4,212.74,603.1300048830001,-35.36370789999999,149.16286530000005
0.06,-18.39,212.74,603.1300048830001,-35.3637118,149.1628624
0.08,-18.39,212.74,603.1300048830001,-35.3637156,149.1628594
0.12,-18.41,212.74,603.1300048830001,-35.363719399999994,149.16285630000004
0.15,-18.43,212.75,603.1300048830001,-35.3637231,149.1628534
0.17,-18.44,212.75,603.1300048830001,-35.36372679999999,149.1628504
0.15,-18.44,212.76,603.1300048830001,-35.36373070000001,149.1628474
0.11,-18.44,212.76,603.1300048830001,-35.3637344,149.1628445
0.07,-18.43,212.77,603.1300048830001,-35.36373820000001,149.16284140000005
0.04,-18.42,212.77,603.1300048830001,-35.3637419,149.1628385
0.01,-18.41,212.77,603.1300048830001,-35.3637456,149.1628355
0.0,-18.41,212.77,603.1300048830001,-35.3637495,149.1628324
0.0,-18.41,212.77,603.1300048830001,-35.3637533,149.1628294
0.04,-18.41,212.77,603.1300048830001,-35.363757,149.1628265
0.07,-18.41,212.76,603.1300048830001,-35.36376079999999,149.1628236
0.08,-18.41,212.76,603.1300048830001,-35.3637645,149.1628206
0.07,-18.4,212.75,603.1300048830001,-35.3637684,149.16281750000005
0.02,-18.38,212.75,603.1300048830001,-35.3637721,149.1628146
0.0,-18.37,212.75,603.1300048830001,-35.36377589999999,149.1628116
0.0,-18.38,212.75,603.1300048830001,-35.3637796,149.16280859999995
0.0,-18.38,212.74,603.1300048830001,-35.3637834,149.1628055
0.0,-18.39,212.74,603.140014648,-35.36378720000001,149.1628026
0.01,-18.41,212.73,603.140014648,-35.363791,149.1627996
0.01,-18.43,212.73,603.140014648,-35.3637948,149.1627967
0.0,-18.44,212.73,603.140014648,-35.3637985,149.1627936
-0.01,-18.43,212.72,603.140014648,-35.3638022,149.1627906
0.0,-18.41,212.72,603.140014648,-35.3638061,149.1627877
0.0,-18.4,212.71,603.140014648,-35.3638098,149.16278469999997
0.01,-18.39,212.71,603.140014648,-35.3638136,149.1627816
0.01,-18.41,212.71,603.140014648,-35.363817299999994,149.1627787
0.02,-18.45,212.71,603.140014648,-35.3638211,149.16277580000005
0.02,-18.48,212.71,603.140014648,-35.36382490000001,149.1627728
0.01,-18.5,212.71,603.140014648,-35.3638287,149.1627698
0.0,-18.48,212.71,603.140014648,-35.3638325,149.1627667
0.0,-18.42,212.72,603.140014648,-35.3638362,149.1627638
-0.02,-18.38,212.72,603.140014648,-35.36383989999999,149.1627608
-0.03,-18.38,212.72,603.140014648,-35.3638438,149.1627579
-0.01,-18.4,212.73,603.140014648,-35.3638475,149.16275480000004
0.0,-18.42,212.72,603.140014648,-35.3638513,149.16275190000005
0.01,-18.44,212.72,603.140014648,-35.363855,149.1627489
0.0,-18.45,212.72,603.140014648,-35.3638588,149.1627459
0.0,-18.44,212.71,603.140014648,-35.36386270000001,149.16274280000005
0.0,-18.44,212.71,603.140014648,-35.3638664,149.1627399
-0.01,-18.44,212.71,603.140014648,-35.36387020000001,149.1627369
0.0,-18.44,212.71,603.140014648,-35.3638739,149.162734
0.01,-18.43,212.71,603.140014648,-35.3638778,149.1627309
0.02,-18.42,212.71,603.1300048830001,-35.3638815,149.16272790000005
0.02,-18.41,212.71,603.1300048830001,-35.36388529999999,149.162725
0.03,-18.4,212.71,603.1300048830001,-35.3638891,149.162722
0.03,-18.4,212.72,603.1300048830001,-35.36389279999999,149.1627189
0.03,-18.42,212.72,603.1300048830001,-35.3638965,149.162716
0.02,-18.45,212.72,603.1300048830001,-35.3639004,149.16271310000005
0.04,-18.48,212.73,603.1300048830001,-35.3639042,149.1627101
0.06,-18.49,212.73,603.1300048830001,-35.363907899999994,149.1627071
0.07,-18.49,212.73,603.1300048830001,-35.3639116,149.162704
0.06,-18.48,212.74,603.1300048830001,-35.36391550000001,149.1627011
0.02,-18.47,212.74,603.1300048830001,-35.3639193,149.1626981
0.0,-18.48,212.74,603.1300048830001,-35.3639231,149.162695
0.0,-18.49,212.74,603.1300048830001,-35.3639268,149.1626921
-0.01,-18.48,212.74,603.1300048830001,-35.3639305,149.1626892
-0.01,-18.46,212.73,603.1300048830001,-35.3639344,149.1626862
0.0,-18.43,212.73,603.1300048830001,-35.3639381,149.1626832
0.01,-18.4,212.72,603.1300048830001,-35.363942,149.1626801
0.02,-18.38,212.71,603.1300048830001,-35.3639456,149.1626772
0.02,-18.38,212.71,603.1300048830001,-35.3639494,149.1626742
0.0,-18.38,212.71,603.1300048830001,-35.3639533,149.16267119999995
-0.02,-18.38,212.71,603.1300048830001,-35.3639571,149.1626683
-0.01,-18.39,212.7,603.1300048830001,-35.363960799999994,149.16266519999996
0.0,-18.41,212.7,603.1300048830001,-35.3639645,149.16266230000005
0.02,-18.42,212.7,603.1300048830001,-35.3639684,149.1626593
0.03,-18.42,212.71,603.1300048830001,-35.3639722,149.1626562
0.04,-18.41,212.71,603.1300048830001,-35.36397589999999,149.16265330000004
0.06,-18.41,212.71,603.1300048830001,-35.3639797,149.1626503
0.06,-18.4,212.71,603.1300048830001,-35.36398339999999,149.16264740000003
0.05,-18.41,212.71,603.1300048830001,-35.3639871,149.1626444
0.03,-18.42,212.71,603.1300048830001,-35.363991,149.16264130000005
0.03,-18.44,212.71,603.1300048830001,-35.3639948,149.16263840000005
0.04,-18.45,212.72,603.1300048830001,-35.3639985,149.1626354
0.05,-18.44,212.72,603.1300048830001,-35.36400220000001,149.1626324
0.06,-18.43,212.72,603.1300048830001,-35.3640061,149.16262930000005
0.04,-18.43,212.72,603.1300048830001,-35.3640099,149.1626264
0.04,-18.44,212.72,603.1300048830001,-35.3640136,149.16262350000005
0.04,-18.44,212.72,603.1300048830001,-35.3640174,149.1626205
0.04,-18.43,212.72,603.1300048830001,-35.3640211,149.16261740000004
0.02,-18.42,212.72,603.1300048830001,-35.364025,149.1626145
0.03,-18.41,212.71,603.1300048830001,-35.36402879999999,149.1626115
0.05,-18.39,212.72,603.1300048830001,-35.3640325,149.1626085
0.09,-18.38,212.72,603.1300048830001,-35.3640362,149.1626054
0.1,-18.39,212.72,603.1300048830001,-35.36404,149.1626025
0.1,-18.39,212.72,603.1300048830001,-35.3640439,149.1625996
0.09,-18.4,212.72,603.1300048830001,-35.3640476,149.1625966
0.07,-18.41,212.72,603.1300048830001,-35.364051399999994,149.1625935
0.05,-18.44,212.72,603.1300048830001,-35.3640551,149.1625905
0.05,-18.46,212.72,603.1300048830001,-35.36405900000001,149.1625876
0.07,-18.45,212.73,603.1300048830001,-35.36406270000001,149.1625846
0.09,-18.45,212.73,603.1300048830001,-35.3640665,149.16258169999998
0.09,-18.45,212.73,603.1300048830001,-35.36407029999999,149.1625786
0.07,-18.45,212.73,603.1300048830001,-35.3640739,149.1625757
0.04,-18.44,212.73,603.1300048830001,-35.3640777,149.1625727
0.01,-18.43,212.73,603.1300048830001,-35.3640816,149.1625697
0.0,-18.43,212.73,603.1300048830001,-35.3640854,149.1625666
0.0,-18.43,212.73,603.1300048830001,-35.3640891,149.1625637
0.03,-18.42,212.73,603.1300048830001,-35.36409279999999,149.1625608
0.06,-18.41,212.73,603.1300048830001,-35.3640967,149.16255780000003
0.09,-18.39,212.72,603.1300048830001,-35.3641005,149.1625547
0.11,-18.36,212.72,603.1300048830001,-35.364104299999994,149.16255180000005
0.1,-18.36,212.72,603.1300048830001,-35.364108,149.16254880000002
0.08,-18.37,212.72,603.1300048830001,-35.3641117,149.1625458
0.05,-18.38,212.72,603.1300048830001,-35.36411560000001,149.1625427
0.03,-18.4,212.72,603.1300048830001,-35.36411939999999,149.1625398
0.03,-18.42,212.72,603.1300048830001,-35.3641231,149.1625369
0.03,-18.42,212.72,603.1300048830001,-35.3641268,149.16253390000003
0.04,-18.41,212.71,603.1300048830001,-35.3641306,149.1625309
0.05,-18.41,212.71,603.1300048830001,-35.3641344,149.16252780000005
0.05,-18.42,212.71,603.1300048830001,-35.364138200000006,149.1625249
0.05,-18.43,212.71,603.1300048830001,-35.364142,149.1625219
0.03,-18.43,212.71,603.1300048830001,-35.36414570000001,149.16251880000004
0.0,-18.44,212.71,603.1300048830001,-35.3641494,149.1625159
-0.01,-18.46,212.71,603.1300048830001,-35.3641533,149.162513
-0.01,-18.47,212.71,603.1300048830001,-35.364157,149.16251
-0.02,-18.46,212.71,603.1300048830001,-35.36416079999999,149.162507
-0.01,-18.45,212.71,603.1300048830001,-35.3641645,149.16250390000005
-0.01,-18.43,212.71,603.1300048830001,-35.3641682,149.162501
-0.03,-18.41,212.71,603.1300048830001,-35.36417210000001,149.162498
-0.04,-18.42,212.7,603.1300048830001,-35.3641759,149.162495
-0.04,-18.44,212.7,603.1300048830001,-35.3641797,149.162492
-0.01,-18.46,212.7,603.1300048830001,-35.36418339999999,149.162489
0.02,-18.47,212.7,603.1300048830001,-35.3641873,149.1624861
0.03,-18.49,212.7,603.1300048830001,-35.364191,149.1624831
0.02,-18.5,212.7,603.1300048830001,-35.3641948,149.16248000000004
0.03,-18.51,212.7,603.1300048830001,-35.3641986,149.1624771
0.04,-18.51,212.7,603.1300048830001,-35.36420229999999,149.1624741
0.03,-18.49,212.71,603.1300048830001,-35.364206,149.16247119999997
0.0,-18.47,212.71,603.1300048830001,-35.3642099,149.16246819999995
0.0,-18.44,212.71,603.1300048830001,-35.36421370000001,149.1624651
0.0,-18.44,212.71,603.1300048830001,-35.3642174,149.1624622
0.01,-18.45,212.72,603.1300048830001,-35.3642211,149.1624592
0.02,-18.46,212.72,603.1300048830001,-35.364225,149.1624561
0.01,-18.49,212.72,603.1300048830001,-35.36422879999999,149.1624531
0.0,-18.51,212.72,603.1300048830001,-35.3642326,149.1624503
-0.01,-18.52,212.72,603.1300048830001,-35.36423629999999,149.16244730000003
-0.01,-18.5,212.72,603.1300048830001,-35.36424,149.16244430000003
0.01,-18.47,212.72,603.1300048830001,-35.3642439,149.1624412
0.03,-18.45,212.72,603.1199951169999,-35.3642477,149.16243830000005
0.04,-18.46,212.72,603.1199951169999,-35.36425139999999,149.1624353
0.04,-18.47,212.72,603.1199951169999,-35.3642551,149.1624323
0.02,-18.47,212.72,603.1199951169999,-35.3642589,149.1624292
0.01,-18.48,212.72,603.1199951169999,-35.3642628,149.1624263
0.01,-18.47,212.72,603.1199951169999,-35.3642666,149.16242340000005
0.03,-18.45,212.72,603.1199951169999,-35.3642703,149.1624204
0.05,-18.42,212.72,603.1199951169999,-35.364274,149.16241730000004
0.06,-18.0,212.72,603.1199951169999,-35.3642779,149.16241440000005
0.1,-16.94,212.73,603.1199951169999,-35.36428170000001,149.1624114
0.17,-15.59,212.74,603.1300048830001,-35.3642854,149.1624085
0.23,-14.35,212.76,603.1300048830001,-35.3642891,149.1624055
0.27,-13.41,212.79,603.1300048830001,-35.36429279999999,149.16240259999995
0.27,-12.79,212.83,603.1300048830001,-35.3642964,149.1623998
0.25,-12.37,212.88,603.1300048830001,-35.3642999,149.1623969
0.25,-12.05,212.93,603.1300048830001,-35.3643032,149.1623942
0.25,-11.71,212.99,603.1300048830001,-35.36430670000001,149.16239140000005
0.23,-11.3,213.05,603.1300048830001,-35.36431010000001,149.1623888
0.2,-10.81,213.12,603.1300048830001,-35.3643133,149.1623861
0.21,-10.26,213.19,603.1300048830001,-35.3643165,149.1623836
0.24,-9.68,213.26,603.1300048830001,-35.3643196,149.1623812
0.27,-9.1,213.33,603.1300048830001,-35.3643226,149.16237869999995
0.29,-8.54,213.41,603.1300048830001,-35.3643256,149.1623763
0.3,-8.0,213.49,603.1300048830001,-35.3643285,149.162374
0.3,-7.47,213.57,603.1300048830001,-35.3643311,149.1623717
0.31,-6.93,213.65,603.1300048830001,-35.3643339,149.1623696
0.34,-6.38,213.74,603.1300048830001,-35.3643366,149.16236740000005
0.36,-5.82,213.83,603.1300048830001,-35.364339,149.1623654
0.35,-5.23,213.94,603.1300048830001,-35.36434149999999,149.1623634
0.33,-4.63,214.06,603.1300048830001,-35.36434379999999,149.1623615
0.33,-3.99,214.19,603.1300048830001,-35.3643461,149.1623596
0.38,-3.31,214.37,603.1300048830001,-35.3643481,149.16235780000005
0.51,-2.59,214.6,603.1300048830001,-35.3643503,149.16235600000005
0.7,-1.88,214.94,603.1300048830001,-35.364352200000006,149.1623544
0.94,-1.14,215.42,603.1300048830001,-35.3643541,149.1623529
1.22,-0.37,216.1,603.1300048830001,-35.3643558,149.1623514
1.53,0.5,216.92,603.1300048830001,-35.36435729999999,149.16235
1.9,1.51,217.76,603.1300048830001,-35.3643589,149.1623486
2.29,2.64,218.51,603.1300048830001,-35.36436029999999,149.16234730000005
2.67,3.84,219.09,603.1300048830001,-35.3643615,149.162346
3.08,4.87,219.46,603.1300048830001,-35.3643626,149.1623449
3.48,5.56,219.58,603.1300048830001,-35.36436339999999,149.162344
3.9,5.93,219.5,603.1300048830001,-35.3643643,149.162343
4.3,6.05,219.26,603.1300048830001,-35.3643649,149.1623421
4.7,6.02,218.91,603.1300048830001,-35.3643653,149.1623412
5.07,5.94,218.53,603.1300048830001,-35.3643657,149.1623406
5.43,5.9,218.16,603.1300048830001,-35.3643658,149.1623399
5.79,5.91,217.86,603.1300048830001,-35.3643658,149.1623392
6.17,5.95,217.64,603.1300048830001,-35.3643658,149.1623385
6.53,5.95,217.5,603.1300048830001,-35.3643657,149.1623378
6.83,5.83,217.44,603.1300048830001,-35.3643652,149.1623372
7.05,5.59,217.45,603.1300048830001,-35.3643649,149.1623366
7.18,5.27,217.52,603.1300048830001,-35.3643644,149.16233590000004
7.33,4.91,217.62,603.1300048830001,-35.3643638,149.16233530000005
7.51,4.57,217.76,603.1300048830001,-35.3643631,149.16233469999997
7.63,4.46,218.06,603.1300048830001,-35.3643622,149.16233390000005
7.71,4.67,219.05,603.1300048830001,-35.3643614,149.1623333
7.92,4.92,221.42,603.1300048830001,-35.3643604,149.1623325
8.43,4.75,225.41,603.1300048830001,-35.3643594,149.16233200000005
9.17,3.94,230.88,603.1300048830001,-35.3643584,149.1623311
10.0,2.45,237.55,603.1300048830001,-35.36435720000001,149.1623305
10.66,0.38,245.11,603.1300048830001,-35.364356,149.1623297
10.95,-2.06,253.27,603.1300048830001,-35.3643547,149.162329
10.74,-4.67,261.8,603.1300048830001,-35.3643533,149.1623282
9.98,-7.19,270.46,603.1300048830001,-35.3643518,149.1623272
8.7,-9.42,279.08,603.1300048830001,-35.3643503,149.1623263
7.07,-11.2,287.27,603.1300048830001,-35.36434879999999,149.1623253
5.3,-12.5,294.91,603.1300048830001,-35.3643472,149.16232419999997
3.6,-13.4,301.89,603.1300048830001,-35.3643455,149.1623229
2.11,-13.98,308.19,603.1300048830001,-35.36434379999999,149.16232150000005
0.83,-14.38,313.89,603.1300048830001,-35.3643421,149.1623201
-0.29,-14.63,319.12,603.140014648,-35.3643402,149.1623186
-1.65,-14.79,323.86,603.140014648,-35.36433839999999,149.1623171
-3.22,-14.81,327.72,603.140014648,-35.3643365,149.16231530000005
-4.63,-14.72,330.35,603.140014648,-35.3643345,149.1623136
-5.5,-14.62,331.64,603.140014648,-35.36433239999999,149.1623118
-5.66,-14.59,331.68,603.140014648,-35.3643305,149.16230980000003
-5.12,-14.7,330.72,603.140014648,-35.3643285,149.1623076
-3.99,-14.95,329.02,603.140014648,-35.36432629999999,149.1623056
-2.52,-15.28,326.88,603.140014648,-35.36432429999999,149.16230330000005
-0.95,-15.61,324.59,603.140014648,-35.3643221,149.16230090000005
0.45,-15.88,322.45,603.140014648,-35.36432,149.1622986
1.56,-16.04,320.67,603.140014648,-35.3643177,149.1622964
2.27,-16.1,319.42,603.140014648,-35.3643153,149.162294
2.56,-16.12,318.75,603.140014648,-35.36431289999999,149.1622916
2.49,-16.15,318.63,603.140014648,-35.36431049999999,149.1622892
2.14,-16.19,318.98,603.140014648,-35.364308,149.1622868
1.61,-16.24,319.67,603.140014648,-35.3643055,149.1622842
1.0,-16.32,320.57,603.140014648,-35.364303,149.16228180000004
0.37,-16.39,321.53,603.150024414,-35.3643002,149.1622794
-0.16,-16.47,322.43,603.150024414,-35.3642977,149.1622769
-0.58,-16.56,323.18,603.150024414,-35.364295,149.1622744
-0.86,-16.64,323.72,603.150024414,-35.3642922,149.1622717
-0.97,-16.71,324.03,603.150024414,-35.36428950000001,149.16226919999997
-0.94,-16.75,324.11,603.150024414,-35.3642867,149.16226640000005
-0.8,-16.78,324.0,603.150024414,-35.36428400000001,149.1622639
-0.58,-16.84,323.75,603.150024414,-35.3642811,149.1622612
-0.34,-16.9,323.41,603.150024414,-35.3642782,149.16225830000005
-0.12,-16.94,323.04,603.150024414,-35.3642753,149.16225569999997
0.06,-16.98,322.69,603.150024414,-35.3642725,149.1622529
0.2,-17.03,322.39,603.150024414,-35.3642696,149.1622501
0.29,-17.09,322.17,603.150024414,-35.3642667,149.16224730000005
0.33,-17.14,322.04,603.150024414,-35.3642636,149.16224440000005
0.35,-17.18,322.0,603.150024414,-35.3642606,149.1622416
0.31,-17.24,322.03,603.150024414,-35.3642576,149.1622389
0.24,-17.29,322.12,603.150024414,-35.3642546,149.162236
0.17,-17.34,322.25,603.150024414,-35.3642515,149.162233
0.08,-17.37,322.39,603.150024414,-35.36424849999999,149.1622301
0.01,-17.38,322.52,603.150024414,-35.36424539999999,149.1622272
-0.05,-17.37,322.63,603.150024414,-35.364242299999994,149.1622243
-0.09,-17.37,322.71,603.150024414,-35.3642393,149.16222140000005
-0.1,-17.4,322.76,603.150024414,-35.36423610000001,149.1622185
-0.1,-17.43,322.78,603.150024414,-35.364233,149.1622156
-0.09,-17.48,322.76,603.150024414,-35.3642297,149.1622126
-0.08,-17.53,322.73,603.150024414,-35.3642266,149.1622095
-0.06,-17.56,322.67,603.150024414,-35.3642235,149.1622066
-0.02,-17.59,322.61,603.150024414,-35.3642203,149.1622036
0.03,-17.61,322.55,603.150024414,-35.36421710000001,149.1622006
0.08,-17.62,322.5,603.150024414,-35.36421379999999,149.16219750000005
0.13,-17.63,322.46,603.150024414,-35.3642106,149.1621945
0.15,-17.66,322.42,603.150024414,-35.3642074,149.16219130000005
0.14,-17.69,322.41,603.150024414,-35.364204,149.16218840000005
0.12,-17.72,322.4,603.150024414,-35.36420089999999,149.1621853
0.09,-17.75,322.4,603.150024414,-35.36419760000001,149.1621822
0.06,-17.78,322.41,603.150024414,-35.36419429999999,149.1621792
0.06,-17.81,322.42,603.150024414,-35.364191,149.162176
0.07,-17.79,322.43,603.150024414,-35.3641876,149.162173
0.09,-17.77,322.44,603.150024414,-35.3641843,149.1621697
0.09,-17.76,322.45,603.150024414,-35.3641809,149.1621667
0.06,-17.79,322.45,603.150024414,-35.3641777,149.1621635
0.03,-17.84,322.45,603.150024414,-35.36417429999999,149.1621605
-0.01,-17.9,322.44,603.150024414,-35.364171,149.16215730000005
-0.06,-17.96,322.43,603.150024414,-35.3641676,149.1621543
-0.07,-17.99,322.41,603.150024414,-35.3641643,149.1621511
-0.03,-18.0,322.39,603.150024414,-35.3641609,149.162148
0.03,-18.02,322.37,603.150024414,-35.3641576,149.16214480000005
0.07,-18.03,322.36,603.150024414,-35.3641542,149.16214169999995
0.06,-18.06,322.34,603.150024414,-35.3641508,149.1621385
0.02,-18.09,322.33,603.150024414,-35.3641474,149.16213530000005
-0.01,-18.13,322.31,603.150024414,-35.3641439,149.162132
-0.03,-18.14,322.3,603.150024414,-35.3641406,149.1621289
-0.04,-18.13,322.3,603.140014648,-35.3641372,149.1621257
-0.02,-18.12,322.29,603.140014648,-35.3641338,149.16212240000004
0.04,-18.09,322.28,603.140014648,-35.3641304,149.16211930000003
0.15,-18.04,322.27,603.140014648,-35.36412689999999,149.1621161
0.25,-18.02,322.27,603.140014648,-35.364123600000006,149.1621128
0.28,-18.05,322.27,603.140014648,-35.3641201,149.1621095
0.25,-18.1,322.27,603.140014648,-35.3641166,149.1621064
0.19,-18.14,322.27,603.140014648,-35.3641133,149.1621032
0.13,-18.16,322.27,603.140014648,-35.3641098,149.16209980000005
0.09,-18.17,322.27,603.140014648,-35.36410640000001,149.1620967
0.07,-18.17,322.27,603.140014648,-35.3641029,149.1620935
0.06,-18.18,322.27,603.140014648,-35.3640995,149.16209019999997
0.03,-18.18,322.27,603.140014648,-35.36409589999999,149.1620869
0.0,-18.2,322.26,603.140014648,-35.3640925,149.16208380000003
-0.02,-18.22,322.25,603.140014648,-35.3640891,149.1620805
-0.03,-18.22,322.24,603.140014648,-35.3640855,149.1620773
0.0,-18.21,322.23,603.140014648,-35.3640821,149.162074
0.03,-18.19,322.22,603.140014648,-35.3640787,149.1620706
0.05,-18.16,322.21,603.1300048830001,-35.3640751,149.1620675
0.06,-18.16,322.2,603.1300048830001,-35.3640716,149.1620642
0.07,-18.18,322.19,603.1300048830001,-35.36406820000001,149.16206090000003
0.07,-18.21,322.18,603.1300048830001,-35.36406470000001,149.1620577
0.06,-18.23,322.17,603.1300048830001,-35.3640612,149.1620544
0.04,-18.24,322.16,603.1300048830001,-35.3640578,149.162051
0.04,-18.23,322.16,603.1300048830001,-35.36405429999999,149.1620479
0.04,-18.23,322.15,603.1300048830001,-35.364050799999994,149.1620446
0.03,-18.24,322.14,603.1300048830001,-35.3640472,149.16204130000003
0.01,-18.24,322.14,603.1300048830001,-35.3640438,149.162038
0.02,-18.23,322.14,603.1300048830001,-35.3640402,149.1620347
0.06,-18.22,322.13,603.1300048830001,-35.3640367,149.1620314
0.11,-18.23,322.13,603.1300048830001,-35.36403320000001,149.162028
0.13,-18.27,322.12,603.1300048830001,-35.3640296,149.1620247
0.14,-18.32,322.12,603.1300048830001,-35.3640263,149.1620214
0.12,-18.37,322.12,603.1300048830001,-35.3640227,149.16201819999995
0.11,-18.38,322.12,603.1300048830001,-35.3640192,149.1620147
0.12,-18.36,322.12,603.1199951169999,-35.3640156,149.1620115
0.12,-18.33,322.12,603.1199951169999,-35.36401220000001,149.1620082
0.09,-18.3,322.12,603.1199951169999,-35.36400870000001,149.1620049
0.08,-18.29,322.11,603.1199951169999,-35.3640052,149.1620016
0.07,-18.28,322.11,603.1199951169999,-35.3640016,149.1619983
0.06,-18.28,322.11,603.1199951169999,-35.36399820000001,149.161995
0.07,-18.3,322.1,603.1199951169999,-35.363994700000006,149.1619916
0.11,-18.31,322.1,603.1199951169999,-35.3639912,149.16198830000005
0.15,-18.32,322.09,603.1199951169999,-35.3639876,149.16198500000004
0.17,-18.32,322.09,603.1199951169999,-35.363984,149.1619818
0.19,-18.33,322.09,603.1199951169999,-35.36398060000001,149.1619785
0.19,-18.32,322.09,603.1199951169999,-35.3639771,149.1619751
0.18,-18.31,322.09,603.1199951169999,-35.3639736,149.1619718
0.15,-18.3,322.09,603.1199951169999,-35.36397,149.1619685
0.12,-18.3,322.09,603.1199951169999,-35.3639664,149.16196519999997
0.1,-18.29,322.09,603.1199951169999,-35.363963,149.1619619
0.1,-18.27,322.09,603.1199951169999,-35.3639594,149.1619586
0.09,-18.27,322.09,603.1199951169999,-35.3639559,149.16195530000005
0.09,-18.31,322.08,603.1199951169999,-35.3639523,149.16195190000005
0.09,-18.34,322.08,603.1199951169999,-35.3639487,149.16194860000004
0.09,-18.37,322.07,603.1199951169999,-35.3639453,149.1619452
0.1,-18.39,322.06,603.1199951169999,-35.36394179999999,149.1619419
0.09,-18.41,322.06,603.1199951169999,-35.363938299999994,149.16193869999995
0.09,-18.43,322.05,603.1199951169999,-35.3639347,149.1619354
0.09,-18.43,322.05,603.1199951169999,-35.3639311,149.1619321
0.11,-18.43,322.04,603.1199951169999,-35.3639277,149.16192869999998
0.11,-18.42,322.04,603.1199951169999,-35.3639242,149.1619254
0.11,-18.39,322.04,603.1199951169999,-35.3639206,149.1619221
0.1,-18.38,322.04,603.1199951169999,-35.3639171,149.1619187
0.11,-18.38,322.03,603.1199951169999,-35.3639135,149.1619154
0.12,-18.39,322.03,603.1199951169999,-35.36391,149.161912
0.11,-18.39,322.03,603.1199951169999,-35.3639065,149.16190869999997
0.09,-18.41,322.03,603.1199951169999,-35.3639029,149.1619053
0.08,-18.41,322.03,603.1199951169999,-35.3638994,149.161902
0.08,-18.41,322.02,603.1199951169999,-35.3638958,149.1618986
0.09,-18.39,322.02,603.1199951169999,-35.3638922,149.16189519999998
0.1,-18.38,322.01,603.1199951169999,-35.3638888,149.1618919
0.08,-18.38,322.01,603.1199951169999,-35.3638852,149.1618885
0.07,-18.41,322.0,603.1199951169999,-35.36388170000001,149.1618852
0.07,-18.42,322.0,603.1199951169999,-35.3638781,149.16188180000003
0.09,-18.41,321.99,603.1199951169999,-35.3638745,149.1618785
0.1,-18.41,321.99,603.1199951169999,-35.36387089999999,149.1618751
0.1,-18.4,321.99,603.1199951169999,-35.3638675,149.1618718
0.07,-18.42,321.99,603.1199951169999,-35.363864,149.1618685
0.06,-18.44,321.99,603.1199951169999,-35.3638604,149.16186509999997
0.08,-18.44,321.99,603.1199951169999,-35.36385689999999,149.1618618
0.1,-18.43,321.99,603.109985352,-35.3638532,149.1618584
0.1,-18.41,321.99,603.109985352,-35.3638497,149.1618551
0.11,-18.4,321.99,603.109985352,-35.36384620000001,149.1618517
0.13,-18.39,321.99,603.109985352,-35.3638427,149.16184840000003
0.14,-18.4,322.0,603.109985352,-35.3638391,149.161845
0.12,-18.41,322.0,603.109985352,-35.3638356,149.1618417
0.09,-18.42,322.0,603.109985352,-35.363831899999994,149.16183830000003
0.08,-18.42,322.0,603.109985352,-35.3638284,149.161835
0.11,-18.43,322.0,603.109985352,-35.36382490000001,149.1618316
0.12,-18.44,322.01,603.109985352,-35.3638213,149.1618282
0.13,-18.43,322.01,603.109985352,-35.36381779999999,149.1618249
0.15,-18.41,322.01,603.109985352,-35.36381420000001,149.1618215
0.17,-18.39,322.01,603.109985352,-35.3638107,149.16181819999997
0.15,-18.37,322.01,603.109985352,-35.363807,149.1618149
0.13,-18.37,322.01,603.109985352,-35.36380360000001,149.1618115
0.1,-18.39,322.0,603.109985352,-35.3638,149.1618082
0.09,-18.42,322.0,603.109985352,-35.3637965,149.16180480000003
0.11,-18.44,322.0,603.109985352,-35.3637929,149.1618015
0.14,-18.45,322.0,603.109985352,-35.36378939999999,149.1617981
0.17,-18.44,322.0,603.109985352,-35.3637857,149.1617948
0.17,-18.42,322.0,603.109985352,-35.3637822,149.1617914
0.17,-18.4,322.0,603.109985352,-35.36377879999999,149.1617881
0.18,-18.41,322.0,603.109985352,-35.363775200000006,149.16178469999997
0.17,-18.42,322.0,603.109985352,-35.3637716,149.1617814
0.14,-18.43,322.0,603.109985352,-35.3637681,149.161778
0.1,-18.44,321.99,603.109985352,-35.363764399999994,149.1617747
0.09,-18.44,321.99,603.109985352,-35.3637609,149.16177130000003
0.12,-18.43,321.99,603.109985352,-35.3637574,149.161768
0.15,-18.41,321.99,603.109985352,-35.3637539,149.1617646
0.15,-18.42,321.99,603.109985352,-35.3637503,149.16176130000005
0.13,-18.44,321.99,603.109985352,-35.3637468,149.16175790000003
0.12,-18.46,321.99,603.109985352,-35.3637432,149.1617546
0.1,-18.45,322.0,603.109985352,-35.3637395,149.1617512
0.08,-18.43,322.0,603.109985352,-35.363736,149.1617479
0.07,-18.41,321.99,603.109985352,-35.36373250000001,149.1617445
0.08,-18.38,321.99,603.109985352,-35.363729,149.16174119999997
0.09,-18.34,321.99,603.109985352,-35.36372539999999,149.1617378
0.09,-18.32,321.98,603.109985352,-35.3637219,149.1617345
0.09,-18.34,321.97,603.109985352,-35.3637182,149.1617311
0.09,-18.41,321.97,603.1199951169999,-35.3637147,149.16172780000005
0.09,-18.46,321.96,603.1199951169999,-35.36371120000001,149.1617244
0.09,-18.48,321.96,603.1199951169999,-35.363707700000006,149.1617211
0.1,-18.46,321.96,603.1199951169999,-35.3637041,149.1617177
0.11,-18.42,321.96,603.1199951169999,-35.3637006,149.16171440000005
0.13,-18.4,321.96,603.1199951169999,-35.36369699999999,149.161711
0.15,-18.41,321.96,603.1199951169999,-35.3636934,149.1617077
0.16,-18.43,321.96,603.1199951169999,-35.3636899,149.1617043
0.15,-18.43,321.96,603.1199951169999,-35.3636863,149.161701
0.12,-18.42,321.96,603.1199951169999,-35.3636828,149.1616976
0.09,-18.41,321.95,603.1199951169999,-35.3636792,149.16169430000005
0.09,-18.41,321.95,603.1199951169999,-35.3636757,149.1616909
0.1,-18.4,321.95,603.1199951169999,-35.363671999999994,149.1616876
0.11,-18.39,321.95,603.1199951169999,-35.3636685,149.1616842
0.11,-18.39,321.95,603.1199951169999,-35.36366500000001,149.16168090000005
0.12,-18.4,321.95,603.1199951169999,-35.3636614,149.1616775
0.15,-18.42,321.94,603.1199951169999,-35.3636579,149.1616742
0.18,-18.43,321.94,603.1199951169999,-35.36365429999999,149.1616708
0.2,-18.43,321.94,603.1199951169999,-35.3636507,149.1616675
0.19,-18.41,321.94,603.1199951169999,-35.3636471,149.1616641
0.19,-18.4,321.94,603.1199951169999,-35.36364370000001,149.1616608
0.18,-18.39,321.94,603.1199951169999,-35.3636401,149.1616574
0.16,-18.39,321.94,603.1199951169999,-35.36363660000001,149.1616541
0.15,-18.39,321.94,603.1199951169999,-35.363633,149.1616507
0.15,-18.39,321.94,603.1199951169999,-35.3636295,149.16164740000005
0.15,-18.4,321.94,603.1199951169999,-35.36362579999999,149.161644
0.14,-18.44,321.94,603.1199951169999,-35.3636222,149.1616407
0.14,-18.47,321.95,603.1199951169999,-35.3636188,149.16163730000005
0.13,-18.5,321.95,603.1199951169999,-35.3636152,149.16163400000005
0.14,-18.49,321.95,603.1199951169999,-35.3636117,149.1616306
0.13,-18.47,321.95,603.1199951169999,-35.3636081,149.1616273
0.13,-18.46,321.95,603.1199951169999,-35.3636045,149.1616239
0.13,-18.45,321.95,603.1199951169999,-35.36360089999999,149.1616206
0.14,-18.45,321.94,603.1199951169999,-35.3635973,149.16161719999997
0.15,-18.44,321.93,603.1300048830001,-35.3635939,149.1616139
0.17,-18.45,321.93,603.1300048830001,-35.3635903,149.1616105
0.18,-18.46,321.92,603.1300048830001,-35.363586700000006,149.1616072
0.19,-18.46,321.92,603.1300048830001,-35.36358320000001,149.16160380000005
0.19,-18.47,321.91,603.1300048830001,-35.3635796,149.1616005
0.19,-18.46,321.91,603.1300048830001,-35.363576,149.1615971
0.18,-18.44,321.91,603.1300048830001,-35.36357239999999,149.16159380000005
0.19,-18.43,321.9,603.1300048830001,-35.36356890000001,149.16159040000005
0.21,-18.42,321.9,603.1300048830001,-35.3635654,149.1615871
0.23,-18.42,321.9,603.1300048830001,-35.3635618,149.1615837
0.21,-18.43,321.9,603.1300048830001,-35.3635583,149.1615804
0.19,-18.42,321.9,603.1300048830001,-35.3635547,149.161577
0.16,-18.39,321.9,603.1300048830001,-35.363551,149.1615737
0.15,-18.39,321.9,603.1300048830001,-35.3635475,149.16157030000005
0.15,-18.42,321.9,603.1300048830001,-35.363544,149.161567
0.15,-18.44,321.9,603.1300048830001,-35.3635404,149.1615636
0.14,-18.47,321.89,603.1300048830001,-35.3635369,149.16156030000005
0.14,-18.5,321.89,603.1300048830001,-35.3635333,149.16155690000005
0.14,-18.52,321.88,603.1300048830001,-35.3635297,149.1615536
0.13,-18.51,321.88,603.1300048830001,-35.3635261,149.1615502
0.13,-18.48,321.87,603.1300048830001,-35.36352249999999,149.1615469
0.12,-18.45,321.86,603.1300048830001,-35.3635191,149.1615435
0.11,-18.44,321.86,603.1300048830001,-35.36351550000001,149.1615402
0.11,-18.43,321.85,603.1300048830001,-35.3635119,149.1615368
0.1,-18.43,321.85,603.1300048830001,-35.3635084,149.1615335
0.11,-18.45,321.84,603.1300048830001,-35.36350479999999,149.1615301
0.13,-18.47,321.84,603.1300048830001,-35.3635012,149.16152680000005
0.16,-18.48,321.83,603.1300048830001,-35.3634976,149.16152340000005
0.19,-18.5,321.83,603.1300048830001,-35.363494,149.1615201
0.19,-18.52,321.83,603.1300048830001,-35.3634906,149.1615167
0.18,-18.51,321.82,603.140014648,-35.363487,149.16151340000005
0.19,-18.48,321.82,603.140014648,-35.3634835,149.16151000000005
0.18,-18.47,321.82,603.140014648,-35.3634799,149.1615067
0.16,-18.47,321.82,603.140014648,-35.36347620000001,149.1615033
0.16,-18.46,321.82,603.140014648,-35.3634727,149.1615
0.17,-18.45,321.82,603.140014648,-35.36346920000001,149.1614966
0.17,-18.45,321.82,603.140014648,-35.3634657,149.16149330000005
0.17,-18.47,321.82,603.140014648,-35.36346210000001,149.1614899
0.14,-18.49,321.82,603.140014648,-35.3634585,149.1614866
0.12,-18.49,321.82,603.140014648,-35.363455,149.1614832
0.11,-18.49,321.81,603.140014648,-35.3634513,149.16147990000005
0.1,-18.49,321.81,603.140014648,-35.3634477,149.1614765
0.13,-18.48,321.81,603.140014648,-35.3634443,149.1614732
0.17,-18.48,321.8,603.140014648,-35.3634407,149.16146980000005
0.19,-18.47,321.8,603.140014648,-35.36343710000001,149.16146650000005
0.2,-18.46,321.8,603.140014648,-35.3634336,149.1614631
0.21,-18.46,321.8,603.140014648,-35.36343,149.16145980000005
0.2,-18.47,321.79,603.140014648,-35.36342639999999,149.1614564
0.17,-18.48,321.79,603.1300048830001,-35.36342279999999,149.1614531
0.14,-18.49,321.79,603.1300048830001,-35.3634192,149.1614497
0.13,-18.47,321.79,603.1300048830001,-35.3634158,149.16144640000005
0.16,-18.46,321.79,603.1300048830001,-35.363412200000006,149.161443
0.19,-18.47,321.79,603.1300048830001,-35.36340870000001,149.1614396
0.21,-18.49,321.79,603.1300048830001,-35.3634051,149.16143630000005
0.2,-18.54,321.79,603.1300048830001,-35.3634015,149.16143290000005
0.15,-18.58,321.79,603.1300048830001,-35.3633979,149.1614296
0.12,-18.57,321.79,603.1300048830001,-35.3633944,149.1614262
0.13,-18.51,321.78,603.1300048830001,-35.3633909,149.16142280000003
0.19,-18.42,321.78,603.1300048830001,-35.3633873,149.1614194
0.26,-18.36,321.78,603.1300048830001,-35.36338370000001,149.161416
0.24,-18.39,321.78,603.1300048830001,-35.3633802,149.1614127
0.15,-18.49,321.78,603.1300048830001,-35.3633765,149.1614093
0.04,-18.59,321.78,603.1300048830001,-35.3633729,149.161406
0.0,-18.63,321.78,603.1300048830001,-35.3633695,149.16140259999997
0.03,-18.59,321.77,603.1300048830001,-35.3633659,149.1613993
0.2,-18.47,321.77,603.1300048830001,-35.3633623,149.1613959
0.39,-18.33,321.77,603.1300048830001,-35.3633588,149.1613925
0.5,-18.25,321.76,603.1300048830001,-35.3633552,149.161389
0.51,-18.25,321.76,603.1300048830001,-35.3633516,149.1613856
0.4,-18.31,321.77,603.1300048830001,-35.36334799999999,149.1613822
0.17,-18.46,321.77,603.1300048830001,-35.36334439999999,149.16137890000005
-0.03,-18.6,321.77,603.1300048830001,-35.363341,149.1613755
-0.14,-18.66,321.77,603.1300048830001,-35.3633374,149.1613722
-0.14,-18.64,321.77,603.1300048830001,-35.3633338,149.16136880000005
-0.04,-18.56,321.77,603.1300048830001,-35.36333029999999,149.16136550000004
0.16,-18.41,321.76,603.1300048830001,-35.3633267,149.1613621
0.38,-18.26,321.76,603.1300048830001,-35.3633231,149.1613587
0.49,-18.19,321.75,603.1300048830001,-35.3633195,149.1613554
0.5,-18.19,321.75,603.1300048830001,-35.363316,149.161352
0.4,-18.25,321.75,603.1300048830001,-35.3633125,149.1613487
0.21,-18.38,321.75,603.1300048830001,-35.3633089,149.16134530000005
0.02,-18.5,321.76,603.1300048830001,-35.36330529999999,149.161342
-0.06,-18.57,321.76,603.1300048830001,-35.36330170000001,149.1613386
-0.05,-18.54,321.77,603.1300048830001,-35.3632981,149.1613352
0.03,-18.45,321.77,603.1300048830001,-35.3632945,149.16133190000005
0.21,-18.3,321.77,603.1300048830001,-35.36329110000001,149.1613285
0.4,-18.17,321.77,603.1300048830001,-35.3632875,149.1613251
0.51,-18.11,321.77,603.1300048830001,-35.3632839,149.1613217
0.43,-18.2,321.77,603.1300048830001,-35.3632804,149.1613184
0.23,-18.39,321.77,603.1300048830001,-35.3632768,149.161315
0.04,-18.53,321.77,603.1300048830001,-35.3632732,149.1613117
-0.03,-18.58,321.77,603.1300048830001,-35.3632696,149.1613083
-0.01,-18.58,321.77,603.1300048830001,-35.3632662,149.161305
0.06,-18.53,321.77,603.1300048830001,-35.3632626,149.16130159999997
0.14,-18.47,321.76,603.1300048830001,-35.3632591,149.1612983
0.22,-18.42,321.76,603.1300048830001,-35.3632555,149.1612949
0.32,-18.36,321.75,603.1300048830001,-35.36325189999999,149.1612916
0.38,-18.33,321.75,603.1300048830001,-35.3632485,149.1612882
0.36,-18.34,321.75,603.1300048830001,-35.3632449,149.16128490000003
0.27,-18.4,321.74,603.1300048830001,-35.3632414,149.1612815
0.16,-18.45,321.74,603.1300048830001,-35.3632378,149.1612782
0.09,-18.49,321.74,603.1300048830001,-35.3632342,149.1612748
0.07,-18.49,321.74,603.1300048830001,-35.3632306,149.1612715
0.08,-18.48,321.74,603.1300048830001,-35.363227,149.16126809999997
0.13,-18.46,321.74,603.1300048830001,-35.3632234,149.16126469999998
0.17,-18.44,321.74,603.1300048830001,-35.36322,149.1612614
0.19,-18.42,321.74,603.1300048830001,-35.3632164,149.1612581
0.19,-18.43,321.74,603.1300048830001,-35.36321289999999,149.16125469999997
0.18,-18.45,321.73,603.140014648,-35.3632093,149.1612514
0.17,-18.46,321.73,603.140014648,-35.3632057,149.161248
0.16,-18.47,321.73,603.140014648,-35.3632021,149.1612447
0.17,-18.45,321.73,603.140014648,-35.3631985,149.16124130000003
0.18,-18.43,321.72,603.140014648,-35.3631951,149.161238
0.19,-18.44,321.72,603.140014648,-35.3631915,149.1612346
0.18,-18.46,321.72,603.140014648,-35.36318789999999,149.1612313
0.17,-18.48,321.72,603.140014648,-35.3631844,149.1612279
0.16,-18.5,321.72,603.140014648,-35.3631807,149.1612246
0.18,-18.51,321.72,603.140014648,-35.3631772,149.16122119999997
0.22,-18.49,321.72,603.140014648,-35.36317370000001,149.1612179
0.26,-18.48,321.72,603.140014648,-35.363170200000006,149.1612145
0.26,-18.45,321.72,603.140014648,-35.3631666,149.1612112
0.27,-18.41,321.71,603.140014648,-35.363163,149.16120780000003
0.29,-18.35,321.71,603.140014648,-35.36315949999999,149.1612045
0.32,-18.29,321.71,603.140014648,-35.36315579999999,149.1612011
0.32,-18.19,321.71,603.140014648,-35.36315220000001,149.16119780000002
0.31,-18.04,321.72,603.140014648,-35.3631488,149.1611944
0.3,-17.86,321.72,603.1300048830001,-35.36314520000001,149.1611911
0.29,-17.65,321.73,603.140014648,-35.3631417,149.1611877
0.27,-17.42,321.73,603.140014648,-35.3631381,149.1611844
0.26,-17.17,321.74,603.140014648,-35.363134499999994,149.161181
0.26,-16.94,321.75,603.140014648,-35.363131,149.16117769999997
0.24,-16.69,321.75,603.140014648,-35.3631276,149.1611744
0.25,-16.4,321.76,603.140014648,-35.3631241,149.1611711
0.29,-16.07,321.77,603.140014648,-35.3631206,149.16116780000004
0.33,-15.75,321.78,603.140014648,-35.36311720000001,149.1611647
0.33,-15.44,321.79,603.140014648,-35.3631138,149.1611615
0.32,-15.11,321.8,603.140014648,-35.36311029999999,149.1611582
0.31,-14.76,321.8,603.140014648,-35.3631071,149.1611552
0.29,-14.37,321.82,603.140014648,-35.3631038,149.16115200000004
0.29,-13.93,321.83,603.140014648,-35.3631005,149.161149
0.3,-13.46,321.84,603.140014648,-35.3630972,149.161146
0.31,-12.97,321.86,603.140014648,-35.3630939,149.1611429
0.33,-12.46,321.88,603.140014648,-35.3630908,149.16114
0.32,-11.94,321.9,603.150024414,-35.3630877,149.1611371
0.3,-11.39,321.92,603.150024414,-35.3630847,149.1611342
0.28,-10.77,321.95,603.150024414,-35.3630816,149.1611314
0.29,-10.09,321.98,603.150024414,-35.3630786,149.16112869999995
0.3,-9.42,322.01,603.150024414,-35.3630759,149.1611261
0.32,-8.8,322.04,603.150024414,-35.363073,149.1611235
0.32,-8.22,322.08,603.150024414,-35.3630702,149.16112080000005
0.32,-7.66,322.12,603.150024414,-35.3630676,149.16111840000005
0.32,-7.13,322.16,603.150024414,-35.363065,149.161116
0.31,-6.62,322.21,603.150024414,-35.3630625,149.1611137
0.29,-6.1,322.26,603.150024414,-35.36306010000001,149.1611115
0.27,-5.54,322.32,603.150024414,-35.36305770000001,149.16110930000005
0.26,-4.94,322.37,603.150024414,-35.3630554,149.1611073
0.26,-4.3,322.43,603.150024414,-35.3630533,149.1611053
0.24,-3.66,322.5,603.150024414,-35.3630511,149.1611034
0.22,-3.02,322.56,603.150024414,-35.36304910000001,149.1611015
0.21,-2.36,322.63,603.159973145,-35.3630471,149.16109980000004
0.2,-1.67,322.7,603.159973145,-35.3630454,149.1610981
0.2,-0.89,322.76,603.159973145,-35.3630436,149.1610965
0.21,-0.06,322.8,603.159973145,-35.363042,149.161095
0.24,0.85,322.82,603.159973145,-35.3630403,149.1610936
0.26,1.87,322.82,603.159973145,-35.363039,149.1610924
0.24,3.01,322.8,603.159973145,-35.3630376,149.1610911
0.2,4.05,322.77,603.159973145,-35.3630364,149.1610902
0.12,4.8,322.74,603.159973145,-35.3630354,149.1610892
0.06,5.2,322.7,603.159973145,-35.3630343,149.16108830000005
0.01,5.31,322.66,603.159973145,-35.3630336,149.1610877
-0.01,5.23,322.64,603.159973145,-35.3630328,149.1610869
0.0,5.05,322.63,603.159973145,-35.363032200000006,149.16108640000004
-0.01,4.83,322.62,603.159973145,-35.3630317,149.1610861
-0.03,4.63,322.62,603.159973145,-35.3630312,149.16108569999997
-0.06,4.44,322.63,603.159973145,-35.3630309,149.16108540000005
-0.1,4.26,322.65,603.150024414,-35.3630306,149.1610852
-0.14,4.06,322.67,603.150024414,-35.3630305,149.161085
-0.19,3.82,322.69,603.150024414,-35.3630303,149.16108490000005
-0.21,3.57,322.71,603.150024414,-35.36303020000001,149.16108490000005
-0.22,3.3,322.73,603.150024414,-35.36303020000001,149.16108490000005
-0.21,3.03,322.74,603.150024414,-35.36303020000001,149.16108490000005
-0.22,2.76,322.74,603.150024414,-35.3630303,149.16108490000005
-0.24,2.48,322.75,603.150024414,-35.3630303,149.161085
-0.27,2.19,322.75,603.150024414,-35.3630304,149.161085
-0.29,1.9,322.75,603.150024414,-35.3630306,149.16108530000002
-0.3,1.62,322.75,603.150024414,-35.3630306,149.16108540000005
-0.31,1.36,322.75,603.150024414,-35.3630309,149.16108540000005
-0.32,1.12,322.76,603.150024414,-35.3630311,149.16108559999995
-0.31,0.91,322.76,603.150024414,-35.3630312,149.16108569999997
-0.31,0.73,322.76,603.150024414,-35.3630313,149.16108590000005
-0.32,0.57,322.76,603.150024414,-35.3630316,149.16108590000005
-0.33,0.42,322.76,603.150024414,-35.36303179999999,149.1610861
-0.34,0.28,322.76,603.150024414,-35.3630319,149.1610862
-0.35,0.15,322.77,603.150024414,-35.3630321,149.16108630000005
-0.34,0.04,322.77,603.150024414,-35.3630323,149.16108630000005
-0.32,-0.07,322.78,603.150024414,-35.36303239999999,149.16108640000004
-0.28,-0.17,322.79,603.150024414,-35.3630325,149.1610866
-0.25,-0.24,322.79,603.150024414,-35.36303270000001,149.1610866
-0.23,-0.29,322.8,603.150024414,-35.3630329,149.1610866
-0.2,-0.35,322.81,603.150024414,-35.363033,149.1610867
-0.15,-0.39,322.81,603.150024414,-35.363033,149.1610867
-0.12,-0.43,322.81,603.150024414,-35.3630331,149.1610867
-0.15,-0.48,322.82,603.150024414,-35.3630333,149.1610867
-0.13,-0.69,322.82,603.150024414,-35.3630334,149.1610867
0.0,-0.79,322.82,603.150024414,-35.3630335,149.1610867
0.36,-0.59,322.83,603.150024414,-35.3630335,149.1610867
0.91,-0.09,322.84,603.150024414,-35.3630336,149.1610867
1.66,0.62,322.86,603.150024414,-35.3630336,149.1610867
2.48,1.43,322.88,603.150024414,-35.3630336,149.1610868
3.29,2.23,322.9,603.150024414,-35.3630336,149.1610868
3.97,2.88,322.92,603.150024414,-35.3630336,149.1610869
4.46,3.37,322.92,603.150024414,-35.3630336,149.1610872
4.81,3.72,322.9,603.150024414,-35.3630336,149.1610874
5.12,3.98,322.88,603.150024414,-35.3630336,149.16108799999995
5.4,4.22,322.86,603.140014648,-35.3630336,149.1610885
5.68,4.47,322.84,603.140014648,-35.3630336,149.16108909999997
5.9,4.7,322.83,603.140014648,-35.3630336,149.1610897
6.07,4.91,322.82,603.140014648,-35.3630336,149.1610905
6.19,5.1,322.81,603.140014648,-35.3630336,149.1610914
6.28,5.28,322.81,603.150024414,-35.3630336,149.1610924
6.38,5.44,322.81,603.150024414,-35.3630337,149.1610935
6.53,5.61,322.82,603.150024414,-35.3630337,149.16109450000005
6.74,5.84,322.84,603.150024414,-35.3630337,149.1610959
7.02,6.11,322.86,603.150024414,-35.3630337,149.16109719999997
7.35,6.41,322.89,603.150024414,-35.3630339,149.1610986
7.71,6.72,322.9,603.150024414,-35.3630339,149.1611001
8.09,7.03,322.91,603.150024414,-35.363034000000006,149.1611017
8.47,7.29,322.91,603.150024414,-35.363034000000006,149.1611034
8.8,7.5,322.89,603.150024414,-35.3630341,149.1611051
9.07,7.72,322.88,603.150024414,-35.3630342,149.16110700000004
9.31,7.97,322.87,603.150024414,-35.3630342,149.1611091
9.57,8.25,322.87,603.150024414,-35.3630342,149.1611112
9.84,8.52,322.86,603.150024414,-35.3630343,149.1611134
10.11,8.79,322.85,603.150024414,-35.3630345,149.1611156
10.39,9.07,322.85,603.150024414,-35.3630346,149.161118
10.67,9.32,322.85,603.150024414,-35.3630347,149.1611206
10.91,9.53,322.84,603.150024414,-35.3630348,149.1611232
11.08,9.68,322.82,603.150024414,-35.36303489999999,149.1611259
11.21,9.8,322.8,603.150024414,-35.36303510000001,149.16112880000003
11.3,9.9,322.79,603.150024414,-35.3630352,149.16113169999997
11.37,9.99,322.78,603.150024414,-35.3630354,149.1611347
11.42,10.07,322.78,603.150024414,-35.3630354,149.1611378
9.71,8.45,322.47,603.150024414,-35.36303570000001,149.1611409
1.17,0.66,321.88,603.150024414,-35.36303579999999,149.16114419999997
-6.97,-6.16,322.54,603.150024414,-35.363036,149.1611472
-10.95,-9.01,323.28,603.150024414,-35.363036,149.1611499
-11.04,-8.62,323.45,603.140014648,-35.3630361,149.16115219999998
-8.9,-6.56,323.29,603.1300048830001,-35.3630363,149.1611541
-6.28,-4.24,323.17,603.1199951169999,-35.3630364,149.1611556
-4.31,-2.62,323.17,603.099975586,-35.3630365,149.161157
-3.36,-1.96,323.23,603.070007324,-35.3630365,149.1611581
-3.31,-2.07,323.28,603.0300292969999,-35.3630366,149.1611591
-3.76,-2.56,323.29,602.979980469,-35.3630366,149.16116
-4.31,-3.11,323.26,602.929992676,-35.3630367,149.1611608
-4.71,-3.47,323.18,602.859985352,-35.3630369,149.1611614
-4.86,-3.63,323.07,602.7800292969999,-35.363037,149.16116200000005
-4.76,-3.59,322.96,602.679992676,-35.36303710000001,149.1611623
-4.48,-3.44,322.86,602.58001709,-35.36303710000001,149.1611625
-4.15,-3.23,322.79,602.4699707030001,-35.3630372,149.1611628
-3.83,-3.04,322.76,602.340026855,-35.3630372,149.1611629
-3.52,-2.86,322.76,602.210021973,-35.3630372,149.1611629
-3.2,-2.68,322.78,602.070007324,-35.36303729999999,149.1611628
-2.91,-2.5,322.83,601.91998291,-35.36303729999999,149.16116269999995
-2.62,-2.31,322.87,601.770019531,-35.36303729999999,149.1611625
-2.36,-2.12,322.92,601.6199951169999,-35.3630375,149.1611623
-2.1,-1.91,322.97,601.460021973,-35.3630375,149.16116200000005
-1.84,-1.71,323.0,601.299987793,-35.3630375,149.1611618
-1.57,-1.52,323.02,601.140014648,-35.3630376,149.1611614
-1.31,-1.33,323.03,600.979980469,-35.3630376,149.16116100000005
-1.07,-1.16,323.03,600.820007324,-35.3630376,149.1611608
-0.86,-1.02,323.02,600.66998291,-35.3630376,149.1611605
-0.68,-0.89,323.0,600.5100097659999,-35.3630376,149.1611601
-0.52,-0.77,322.98,600.359985352,-35.3630376,149.16115980000004
-0.36,-0.65,322.96,600.210021973,-35.3630376,149.1611595
-0.2,-0.54,322.95,600.0599975590001,-35.3630376,149.1611591
-0.06,-0.43,322.93,599.909973145,-35.3630376,149.1611589
0.05,-0.34,322.92,599.770019531,-35.3630376,149.1611586
0.17,-0.25,322.92,599.6199951169999,-35.3630375,149.1611582
0.27,-0.17,322.92,599.479980469,-35.3630375,149.1611581
0.35,-0.08,322.92,599.340026855,-35.3630375,149.1611577
0.42,-0.01,322.93,599.210021973,-35.3630375,149.1611576
0.47,0.03,322.93,599.090026855,-35.36303729999999,149.1611573
0.5,0.08,322.93,598.9699707030001,-35.36303729999999,149.1611572
0.52,0.15,322.94,598.859985352,-35.36303729999999,149.161157
0.53,0.2,322.94,598.7600097659999,-35.36303729999999,149.1611568
0.55,0.23,322.94,598.659973145,-35.3630372,149.1611567
0.56,0.22,322.94,598.58001709,-35.3630372,149.1611567
0.56,0.21,322.93,598.5100097659999,-35.3630372,149.1611566
0.51,0.21,322.93,598.450012207,-35.3630372,149.1611565
